name,logS,smiles
"1,1,1,2-Tetrachloroethane",-2.18,ClCC(Cl)(Cl)Cl
"1,1,1-Trichloroethane",-2,CC(Cl)(Cl)Cl
"1,1,2,2-Tetrachloroethane",-1.74,ClC(Cl)C(Cl)Cl
"1,1,2-Trichloroethane",-1.48,ClCC(Cl)Cl
"1,1,2-Trichlorotrifluoroethane",-3.04,FC(F)(Cl)C(F)(Cl)Cl
"1,1-Dichloroethane",-1.29,CC(Cl)Cl
"1,1-Dichloroethylene",-1.64,C=C(Cl)Cl
"1,1-Diethoxyethane ",-0.43,CCOC(C)OCC
"1,2,3,4-Tetrachlorobenzene",-4.57,Clc1ccc(Cl)c(Cl)c1Cl
"1,2,3,4-Tetrahydronapthalene",-4.37,c1ccc2c(c1)CCCC2
"1,2,3,5-Tetrachlorobenzene",-4.63,Clc1cc(Cl)c(Cl)c(Cl)c1
"1,2,3-Trichlorobenzene",-4,Clc1cccc(Cl)c1Cl
"1,2,3-Trimethylbenzene ",-3.2,Cc1cccc(C)c1C
"1,2,4,5-Tetrabromobenzene",-6.98,Brc1cc(Br)c(Br)cc1Br
"1,2,4,5-Tetrachlorobenzene",-5.56,Clc1cc(Cl)c(Cl)cc1Cl
"1,2,4,5-Tetramethylbenzene",-4.59,Cc1cc(C)c(C)cc1C
"1,2,4-tribromobenzene",-4.5,Brc1ccc(Br)c(Br)c1
"1,2,4-Trichlorobenzene",-3.59,Clc1ccc(Cl)c(Cl)c1
"1,2,4-Trimethylbenzene",-3.31,Cc1ccc(C)c(C)c1
"1,2-Benzenediol",0.62,Oc1ccccc1O
"1,2-Dibromobenzene",-3.5,Brc1ccccc1Br
"1,2-Dibromoethane",-1.68,BrCCBr
"1,2-Dichlorobenzene",-3.05,Clc1ccccc1Cl
"1,2-Dichloroethane",-1.06,ClCCCl
"1,2-Dichloropropane",-1.6,CC(Cl)CCl
"1,2-Dichlorotetrafluoroethane",-2.74,FC(F)(Cl)C(F)(F)Cl
"1,2-Diethoxyethane ",-0.77,CCOCCOCC
"1,2-Diethylbenzene",-3.28,CCc1ccccc1CC
"1,2-Dinitrobenzene",-3.1,O=[N+]([O-])c1ccccc1[N+](=O)[O-]
"1,2-Propylene oxide",-0.59,CC1CO1
"1,3,5-Tribromobenzene",-5.6,Brc1cc(Br)cc(Br)c1
"1,3,5-Trichlorobenzene",-4.48,Clc1cc(Cl)cc(Cl)c1
"1,3,5-Trimethylbenzene ",-3.4,Cc1cc(C)cc(C)c1
"1,3,5-Trinitrobenzene",-2.89,O=[N+]([O-])c1cc([N+](=O)[O-])cc([N+](=O)[O-])c1
"1,3-Benzenediol",0.81,Oc1cccc(O)c1
"1,3-Butadiene",-1.87,C=CC=C
"1,3-Dibromobenzene",-3.54,Brc1cccc(Br)c1
"1,3-Dichlorobenzene",-3.04,Clc1cccc(Cl)c1
"1,3-Dichloropropane",-1.62,ClCCCCl
"1,3-diethylthiourea",-1.46,CCNC(=S)NCC
"1,3-Difluorobenzene",-2,Fc1cccc(F)c1
"1,3-Dimethylnaphthalene",-4.29,Cc1cc(C)c2ccccc2c1
"1,3-Dinitrobenzene",-2.29,O=[N+]([O-])c1cccc([N+](=O)[O-])c1
"1,4-Benzenediol",-0.17,Oc1ccc(O)cc1
"1,4-Cyclohexadiene",-2.06,C1=CCC=CC1
"1,4-Dibromobenzene",-4.07,Brc1ccc(Br)cc1
"1,4-Dichlorobenzene",-3.27,Clc1ccc(Cl)cc1
"1,4-Diethylbenzene ",-3.75,CCc1ccc(CC)cc1
"1,4-Difluorobenzene",-1.97,Fc1ccc(F)cc1
"1,4-Dimethylnaphthalene ",-4.14,Cc1ccc(C)c2ccccc12
"1,4-Dinitrobenzene",-3.39,O=[N+]([O-])c1ccc([N+](=O)[O-])cc1
"1,4-Pentadiene ",-2.09,C=CCC=C
"1,5-Dimethlnapthalene",-4.679,Cc1cccc2c(C)cccc12
"1,5-Hexadiene ",-2.68,C=CCCC=C
"1,7-phenantroline",-2.68,c1cnc2c(c1)ccc1ncccc12
17a-Methyltestosterone,-3.999,CC12CCC(=O)C=C1CCC1C2CCC2(C)C1CCC2(C)O
1-aminoacridine,-4.22,Nc1cccc2nc3ccccc3cc12
1-Bromo-2-methylpropane,-2.43,CC(C)CBr
1-Bromobutane,-2.37,CCCCBr
1-Bromoheptane,-4.43,CCCCCCCBr
1-Bromohexane,-3.81,CCCCCCBr
1-Bromonapthalene,-4.35,Brc1cccc2ccccc12
1-Bromooctane,-5.06,CCCCCCCCBr
1-Bromopentane,-3.08,CCCCCBr
1-Bromopropane,-1.73,CCCBr
1-Butanol,0,CCCCO
1-Butene,-1.94,C=CCC
1-Butyne,-1.24,C#CCC
1-Chloro-2-bromoethane,-1.32,ClCCBr
1-Chloro-2-methylpropane,-2,CC(C)CCl
1-Chlorobutane,-2.03,CCCCCl
1-Chloroheptane,-4,CCCCCCCCl
1-Chlorohexane,-3.12,CCCCCCCl
1-Chloronapthalene,-3.93,Clc1cccc2ccccc12
1-Chloropentane,-2.73,CCCCCCl
1-Chloropropane,-1.47,CCCCl
1-Decanol,-3.63,CCCCCCCCCCO
1-Decene,-5.51,C=CCCCCCCCC
1-Dodecanol,-4.8,CCCCCCCCCCCCO
1-Ethylnaphthalene ,-4.17,CCc1cccc2ccccc12
1-Heptanol,-1.81,CCCCCCCO
1-Heptene,-3.73,C=CCCCCC
1-Heptyne,-3.01,C#CCCCCC
1-Hexadecanol,-7,CCCCCCCCCCCCCCCCO
1-Hexanol,-1.24,CCCCCCO
1-Hexene,-3.23,C=CCCCC
1-Hexene-3-ol,-0.59,C=CC(O)CCC
1-Hexyne ,-2.36,C#CCCCC
1-Iodobutane,-2.96,CCCCI
1-Iodoheptane,-4.81,CCCCCCCI
1-Iodonapthalene,-4.55,Ic1cccc2ccccc12
1-Iodopropane,-2.29,CCCI
1-Methylcyclohexene ,-3.27,CC1=CCCCC1
1-Methylfluorene,-5.22,Cc1cccc2c1Cc1ccccc1-2
1-Methylnaphthalene,-3.7,Cc1cccc2ccccc12
1-Methylphenanthrene,-5.85,Cc1cccc2c1ccc1ccccc12
1-methyluracil,-0.807,Cn1ccc(=O)[nH]c1=O
1-Napthol,-2.22,Oc1cccc2ccccc12
1-Napthylamine,-1.92,Nc1cccc2ccccc12
1-Nitronapthalene,-3.54,O=[N+]([O-])c1cccc2ccccc12
1-Nitropropane,-0.8,CCC[N+](=O)[O-]
1-Nonanol,-3.01,CCCCCCCCCO
1-Nonene ,-5.05,C=CCCCCCCC
1-Nonyne ,-4.24,C#CCCCCCCC
1-Octadecanol,-8.4,CCCCCCCCCCCCCCCCCCO
1-Octanol,-2.39,CCCCCCCCO
1-Octene ,-4.44,C=CCCCCCC
1-Octyne ,-3.66,C#CCCCCCC
1-Pentadecanol,-6.35,CCCCCCCCCCCCCCCO
1-Pentanol,-0.6,CCCCCO
1-Pentene ,-2.68,C=CCCC
1-Pentyne,-1.64,C#CCCC
1-Phenylethanol,-0.92,CC(O)c1ccccc1
1-Propanol,0.62,CCCO
1-Tetradecanol,-5.84,CCCCCCCCCCCCCCO
"2,2',3,3',4,4',5,5',6,6'-PCB",-11.6,Clc1c(Cl)c(Cl)c(-c2c(Cl)c(Cl)c(Cl)c(Cl)c2Cl)c(Cl)c1Cl
"2,2',3,3',4,4',5,5'-PCB",-9.16,Clc1cc(-c2cc(Cl)c(Cl)c(Cl)c2Cl)c(Cl)c(Cl)c1Cl
"2,2',3,3',4,4'-PCB",-8.01,Clc1ccc(-c2ccc(Cl)c(Cl)c2Cl)c(Cl)c1Cl
"2,2',3,3',5,5',6,6'-PCB",-9.15,Clc1cc(Cl)c(Cl)c(-c2c(Cl)c(Cl)cc(Cl)c2Cl)c1Cl
"2,2',3,3',5,6-PCB",-8.6,Clc1cccc(-c2c(Cl)c(Cl)cc(Cl)c2Cl)c1Cl
"2,2',3,3'-PCB",-7.28,Clc1cccc(-c2cccc(Cl)c2Cl)c1Cl
"2,2',3,4,4',5',6-PCB",-7.92,Clc1ccc(-c2c(Cl)c(Cl)c(Cl)c(Cl)c2Cl)c(Cl)c1
"2,2',3,4,5,5',6-PCB",-8.94,Clc1ccc(Cl)c(-c2c(Cl)c(Cl)c(Cl)c(Cl)c2Cl)c1
"2,2',3,4,5,5'-PCB",-7.68,Clc1ccc(Cl)c(-c2cc(Cl)c(Cl)c(Cl)c2Cl)c1
"2,2',3,4,5-PCB",-7.21,Clc1cc(Cl)c(-c2cccc(Cl)c2Cl)cc1Cl
"2,2',3,4,6-PCB",-7.43,Clc1ccc(-c2c(Cl)ccc(Cl)c2Cl)c(Cl)c1
"2,2',3,5,5',6-PCB",-7.42,Clc1ccc(Cl)c(-c2c(Cl)c(Cl)cc(Cl)c2Cl)c1
"2,2',3,5'-PCB",-6.47,Clc1ccc(Cl)c(-c2cccc(Cl)c2Cl)c1
"2,2,3-Trimethylbutane",-4.36,CC(C)C(C)(C)C
"2,2',4,4',5,5'-PCB",-8.56,Clc1cc(Cl)c(-c2cc(Cl)c(Cl)cc2Cl)cc1Cl
"2,2',4,4',6,6'-PCB",-8.71,Clc1cc(Cl)c(-c2c(Cl)cc(Cl)cc2Cl)c(Cl)c1
"2,2',4,5'-PCB",-6.57,Clc1ccc(-c2cc(Cl)ccc2Cl)c(Cl)c1
"2,2,4,6,6'-PCB",-7.32,Clc1cc(Cl)c(-c2c(Cl)cccc2Cl)c(Cl)c1
"2,2,4-Trimethylpentane",-4.74,CC(C)CC(C)(C)C
"2,2,5-Trimethylhexane",-5.05,CC(C)CCC(C)(C)C
"2,2',6,6'-PCB",-7.39,Clc1cccc(Cl)c1-c1c(Cl)cccc1Cl
"2,2-Dimethyl-1-butanol",-1.04,CCC(C)(C)CO
"2,2-Dimethylbutane",-3.55,CCC(C)(C)C
"2,2-Dimethylpentane",-4.36,CCCC(C)(C)C
"2,2-Dimethylpentanol",-1.52,CCCC(C)(C)CO
"2,2-Dimethylpropanol",-0.4,CC(C)(C)CO
"2,2'-PCB",-5.27,Clc1ccccc1-c1ccccc1Cl
"2,3,3',4,4',5-PCB",-7.82,Clc1ccc(-c2cc(Cl)c(Cl)c(Cl)c2Cl)cc1Cl
"2,3,3',4,4'6-PCB",-7.66,Clc1ccc(-c2c(Cl)cc(Cl)c(Cl)c2Cl)c(Cl)c1Cl
"2,3',4,4',5-PCB",-7.39,Clc1ccc(-c2cc(Cl)c(Cl)c(Cl)c2Cl)c(Cl)c1
"2,3',4,4'-PCB",-7.8,Clc1ccc(-c2ccc(Cl)c(Cl)c2Cl)c(Cl)c1
"2,3,4,5,6-PCB",-7.92,Clc1c(Cl)c(Cl)c(-c2ccccc2)c(Cl)c1Cl
"2,3',4',5-PCB",-7.25,Clc1ccc(Cl)c(-c2ccc(Cl)c(Cl)c2)c1
"2,3,4,5-Tetrachlorophenol",-3.15,Oc1cc(Cl)c(Cl)c(Cl)c1Cl
"2,3,4,6-Tetrachlorophenol",-3.1,Oc1c(Cl)cc(Cl)c(Cl)c1Cl
"2',3,4-PCB",-6.29,Clc1ccc(-c2cccc(Cl)c2Cl)cc1
"2,3,4'-PCB",-6.26,Clc1ccc(-c2cccc(Cl)c2Cl)cc1
"2,3,4-Trichlorophenol",-2.67,Oc1ccc(Cl)c(Cl)c1Cl
"2,3,4-Trimethylpentane",-4.8,CC(C)C(C)C(C)C
"2,3,5,6-Tetrachlorophenol",-3.37,Oc1c(Cl)c(Cl)cc(Cl)c1Cl
"2,3',5-PCB",-6.01,Clc1cccc(-c2cc(Cl)ccc2Cl)c1
"2,3,5-Trichlorophenol",-2.67,Oc1cc(Cl)cc(Cl)c1Cl
"2,3,6-Trichlorophenol",-2.64,Oc1c(Cl)ccc(Cl)c1Cl
"2,3-Dichloronitrobenzene",-3.48,O=[N+]([O-])c1cccc(Cl)c1Cl
"2,3-Dichlorophenol",-1.3,Oc1cccc(Cl)c1Cl
"2,3-Dimethyl-1,3-Butadiene",-2.4,C=C(C)C(=C)C
"2,3-Dimethylbutane",-3.65,CC(C)C(C)C
"2,3-Dimethylnaphthalene",-4.72,Cc1cc2ccccc2cc1C
"2,3-Dimethylpentane",-4.28,CCC(C)C(C)C
"2,3-Dimethylpyridine",0.38,Cc1cccnc1C
"2,4,5-PCB",-6.27,Clc1ccc(-c2cc(Cl)ccc2Cl)cc1
"2,4',5-PCB",-6.25,Clc1ccc(-c2cc(Cl)ccc2Cl)cc1
"2,4,5-Trichlorophenol ",-2.21,Oc1cc(Cl)c(Cl)cc1Cl
"2,4,6-PCB",-6.14,Clc1ccc(-c2c(Cl)cccc2Cl)cc1
"2,4,6-Trichlorophenol",-2.34,Oc1c(Cl)cc(Cl)cc1Cl
"2,4,6-Trimethylphenol",-2.05,Cc1cc(C)c(O)c(C)c1
"2,4,6-Trinitrotoluene",-3.22,Cc1c([N+](=O)[O-])cc([N+](=O)[O-])cc1[N+](=O)[O-]
"2,4-Dichlorophenol ",-1.55,Oc1ccc(Cl)cc1Cl
"2,4-Dimethyl-2-pentanol ",-0.92,CC(C)CC(C)(C)O
"2,4-Dimethyl-3-pentanol",-1.22,CC(C)C(O)C(C)C
"2,4-Dimethyl-3-pentanone",-1.3,CC(C)C(=O)C(C)C
"2,4-Dimethylpentane",-4.26,CC(C)CC(C)C
"2,4-Dimethylphenol",-1.19,Cc1ccc(O)c(C)c1
"2,4-Dimethylpyridine",0.38,Cc1ccnc(C)c1
"2,4-Dinitrotoluene",-2.82,Cc1ccc([N+](=O)[O-])cc1[N+](=O)[O-]
"2,4'-PCB",-5.28,Clc1ccc(-c2ccccc2Cl)cc1
"2,4-PCB",-5.25,Clc1ccc(-c2ccccc2Cl)cc1
"2,6-Dichlorophenol",-1.79,Oc1c(Cl)cccc1Cl
"2,6-Dimethylnaphthalene ",-4.89,Cc1ccc2cc(C)ccc2c1
"2,6-Dimethylphenol",-1.29,Cc1cccc(C)c1O
"2,6-Dimethylpyridine",0.45,Cc1cccc(C)n1
"2,6-Dinitrotoluene",-3,Cc1c([N+](=O)[O-])cccc1[N+](=O)[O-]
"2,6-PCB",-5.21,Clc1cccc(Cl)c1-c1ccccc1
"2,7-dimethylquinoline",-1.94,Cc1ccc2ccc(C)nc2c1
2-aminoanthracene,-5.17,Nc1ccc2cc3ccccc3cc2c1
2-bromonaphthalene,-4.4,Brc1ccc2ccccc2c1
2-Bromonapthalene,-4.4,Brc1ccc2ccccc2c1
2-Bromopropane,-1.59,CC(C)Br
2-Bromotoluene,-2.23,Cc1ccccc1Br
2-Butanone,0.52,CCC(C)=O
2-butenal,0.32,CC=CC=O
2-Butoxyethanol,-0.42,CCCCOCCO
2-Chloro-2-methylbutane,-2.51,CCC(C)(C)Cl
2-Chloroanisole,-2.46,COc1ccccc1Cl
2-Chlorobiphenyl,-4.54,Clc1ccccc1-c1ccccc1
2-Chlorobutane,-1.96,CCC(C)Cl
2-Chloronapthalene,-4.14,Clc1ccc2ccccc2c1
2-Chlorophenol,-1.06,Oc1ccccc1Cl
2-Chloropropane,-1.41,CC(C)Cl
2-Chlorotoluene,-3.52,Cc1ccccc1Cl
2-cyanoguanidine,-0.31,N#CN=C(N)N
2-Decanone,-3.3,CCCCCCCCC(C)=O
2-Ethyl pyridine,0.51,CCc1ccccn1
2-Ethyl-1-butanol,-1.17,CCC(CC)CO
2-Ethyl-1-hexanol,-2.11,CCCCC(CC)CO
2-Ethyl-2-hexanal,-2.46,CCCC=C(C=O)CC
2-Ethylbutanal,-1.52,CCC(C=O)CC
2-Ethylhexanal,-2.13,CCCCC(C=O)CC
2-Ethylnaphthalene,-4.29,CCc1ccc2ccccc2c1
2-Ethyltoluene,-3.21,CCc1ccccc1C
2-Heptanol ,-1.55,CCCCCC(C)O
2-Heptanone,-1.45,CCCCCC(C)=O
2-Hexanol,-0.89,CCCCC(C)O
2-Hexanone,-0.8,CCCCC(C)=O
2-hydroxypteridine,-1.947,Oc1ncc2nccnc2n1
2-Hydroxypyridine,1.02,Oc1ccccn1
2-Iodopropane,-2.09,CC(C)I
2-Isopropyltoluene,-3.76,Cc1ccccc1C(C)C
2-methoxypteridine,-1.11,COc1ncc2nccnc2n1
2-Methy-2-Butene,-2.56,CC=C(C)C
"2-Methyl-1,3-Butadiene ",-2.03,C=CC(=C)C
2-Methyl-1-Butene,-2.73,C=C(C)CC
2-Methyl-1-Pentene,-3.03,C=C(C)CCC
2-Methyl-2-heptanol,-1.72,CCCCCC(C)(C)O
2-Methyl-2-hexanol,-1.08,CCCCC(C)(C)O
2-Methyl-2-pentanol,-0.49,CCCC(C)(C)O
2-Methyl-3-pentanol,-0.7,CCC(O)C(C)C
2-Methylanthracene,-6.96,Cc1ccc2cc3ccccc3cc2c1
2-Methylbutan-2-ol,0.15,CCC(C)(C)O
2-Methylbutane,-3.18,CCC(C)C
2-Methylbutanol,-0.47,CCC(C)CO
2-Methylheptane,-5.08,CCCCCC(C)C
2-Methylnapthalene,-3.77,Cc1ccc2ccccc2c1
2-Methylpentane,-3.74,CCCC(C)C
2-Methylpentanol,-1.11,CCCC(C)CO
2-Methylphenanthrene,-5.84,Cc1ccc2c(ccc3ccccc32)c1
2-Methylphenol,-0.62,Cc1ccccc1O
2-Methylpropan-1-ol,0.1,CC(C)CO
2-Methylpropane,-2.55,CC(C)C
2-Methylpropene,-2.33,C=C(C)C
2-methylpteridine,-0.12,Cc1ncc2nccnc2n1
2-Methyltetrahydrofurane,0.11,CC1CCCO1
2-Napthol,-2.28,Oc1ccc2ccccc2c1
2-Nitropropane,-0.62,CC(C)[N+](=O)[O-]
2-Nonanol,-2.74,CCCCCCCC(C)O
2-Nonanone,-2.58,CCCCCCCC(C)=O
2-Octanol,-2.09,CCCCCCC(C)O
2-Octanone,-2.05,CCCCCCC(C)=O
2-Pentanol,-0.29,CCCC(C)O
2-Pentanone,-0.19,CCCC(C)=O
2-Phenoxyethanol,-0.7,OCCOc1ccccc1
2-Propanol,0.43,CC(C)O
2-pyrrolidone,1.07,O=C1CCCN1
2-Undecanol,-2.94,CCCCCCCCCC(C)O
"3,3-Dimethyl-1-butanol",-0.5,CC(C)(C)CCO
"3,3-Dimethyl-2-butanol",-0.62,CC(O)C(C)(C)C
"3,3-Dimethyl-2-butanone",-0.72,CC(=O)C(C)(C)C
"3,3-Dimethylpentane",-4.23,CCC(C)(C)CC
"3,4-Dichloronitrobenzene",-3.2,O=[N+]([O-])c1ccc(Cl)c(Cl)c1
"3,4-Dichlorophenol",-1.25,Oc1ccc(Cl)c(Cl)c1
"3,4-Dimethylphenol",-1.38,Cc1ccc(O)cc1C
"3,4-Dimethylpyridine",0.36,Cc1ccncc1C
"3,4-PCB",-6.39,Clc1ccc(-c2ccccc2)cc1Cl
"3,5-Dichlorophenol",-1.34,Oc1cc(Cl)cc(Cl)c1
"3,5-Dimethylphenol",-1.4,Cc1cc(C)cc(O)c1
"3,5-Dimethylpyridine",0.38,Cc1cncc(C)c1
3-Butanoyloxymethylphenytoin,-5.071,CCCC(=O)OCN1C(=O)NC(c2ccccc2)(c2ccccc2)C1=O
3-Chloroanisole,-2.78,COc1cccc(Cl)c1
3-Chlorobiphenyl,-4.88,Clc1cccc(-c2ccccc2)c1
3-Chlorophenol,-0.7,Oc1cccc(Cl)c1
3-chloropropionitrile,-0.29,N#CCCCl
3-Ethanoyloxymethylphenytoin,-4.47,CC(=O)OCN1C(=O)NC(c2ccccc2)(c2ccccc2)C1=O
3-Ethyl-3-pentanol,-0.85,CCC(O)(CC)CC
3-Heptanol ,-1.47,CCCCC(O)CC
3-Heptanoyloxymethylphenytoin,-6.301,CCCCCCC(=O)OCN1C(=O)NC(c2ccccc2)(c2ccccc2)C1=O
3-Hexanol,-0.8,CCCC(O)CC
3-Hexanone,-0.83,CCCC(=O)CC
3-Hexanoyloxymethylphenyltoin,-5.886,CCCCCC(=O)OCN1C(=O)NC(c2ccccc2)(c2ccccc2)C1=O
3-Hexyne,-1.99,CCC#CCC
3-Methyl-1-Butene,-2.73,C=CC(C)C
3-Methyl-2-butanol,-0.18,CC(C)C(C)O
3-Methyl-2-butanone,-0.12,CC(=O)C(C)C
3-Methyl-2-pentanol,-0.72,CCC(C)CCO
3-Methyl-2-pentanol,-0.71,CCC(C)CCO
3-Methyl-2-pentanone,-0.67,CCC(C)C(C)=O
3-Methyl-3-heptanol,-1.6,CCCCC(C)(O)CC
3-Methyl-3-hexanol,-0.98,CCCC(C)(O)CC
3-Methyl-3-pentanol,-0.36,CCC(C)(O)CC
3-Methylbutan-1-ol,-0.51,CC(C)CCO
3-Methylcholanthrene,-7.92,Cc1ccc2c(ccc3c4c5c(cccc5cc32)CC4)c1
3-Methylheptane,-5.16,CCCCC(C)CC
3-methylindole,-2.42,Cc1c[nH]c2ccccc12
3-Methylpentane,-3.68,CCC(C)CC
3-Methylphenol,-0.68,Cc1cccc(O)c1
3-Octanol,-1.98,CCCCCC(O)CC
3-Octanoyloxymethylphenytoin,-6.523,CCCCCCCC(=O)OCN1C(=O)NC(c2ccccc2)(c2ccccc2)C1=O
3-Pentanol,-0.24,CCC(O)CC
3-Pentanone,-0.28,CCC(=O)CC
3-Pentanoyloxymethylphenytoin,-4.678,CCCCC(=O)OCN1C(=O)NC(c2ccccc2)(c2ccccc2)C1=O
3-Propanoyloxymethylphenytoin,-4.907,CCC(=O)OCN1C(=O)NC(c2ccccc2)(c2ccccc2)C1=O
"4,4'-PCB",-6.56,Clc1ccc(-c2ccc(Cl)cc2)cc1
4-Bromophenol,-1.09,Oc1ccc(Br)cc1
4-Bromotoluene,-3.19,Cc1ccc(Br)cc1
4-Chloroanisole,-2.78,COc1ccc(Cl)cc1
4-Chlorophenol ,-0.7,Oc1ccc(Cl)cc1
4-Chlorotoluene,-3.08,Cc1ccc(Cl)cc1
4-Ethyltoluene,-3.11,CCc1ccc(C)cc1
4-Heptanol,-1.4,CCCC(O)CCC
4-Heptanone,-1.3,CCCC(=O)CCC
4-hexylresorcinol,-2.59,CCCCCCc1ccc(O)cc1O
4-hydroxypyridine,1.02,Oc1ccncc1
4-Isopropyltoluene,-3.77,Cc1ccc(C(C)C)cc1
4-methoxypteridine,-1.11,COc1ncnc2nccnc12
4-Methyl-2-pentanol,-0.8,CC(C)CC(C)O
4-Methyl-2-pentanone,-0.74,CC(=O)CC(C)C
4-Methylbiphenyl,-4.62,Cc1ccc(-c2ccccc2)cc1
4-Methylpentanol,-1.14,CC(C)CCCO
4-methylpteridine,-0.466,Cc1ncnc2nccnc12
4-Nitroacetanilide,-2.692,CC(=O)Nc1ccc([N+](=O)[O-])cc1
4-Pentene-1-ol,-0.15,C=CCCCO
5-(3-Methyl-2-butenyl)-5-ethylbarbital,-2.253,CCC1(CC=C(C)C)C(=O)NC(=O)NC1=O
5-(3-Methyl-2-butenyl)-5-isoPrbarbital,-2.593,CC(C)=CCC1(C(C)C)C(=O)NC(=O)NC1=O
"5,5-Diallylbarbital",-2.077,C=CCC1(CC=C)C(=O)NC(=O)NC1=O
"5,5-Diisopropylbarbital",-2.766,CC(C)C1(C(C)C)C(=O)NC(=O)NC1=O
"5,5-Dimethylbarbituric acid",-1.742,CC1(C)C(=O)NC(=O)NC1=O
"5,6,7,8-tetrahydro-2-naphthol",-1.99,Oc1ccc2c(c1)CCCC2
"5,6-Dimethylchrysene",-7.01,Cc1c(C)c2c3ccccc3ccc2c2ccccc12
5-Allyl-5-ethylbarbital,-1.614,C=CCC1(CC)C(=O)NC(=O)NC1=O
5-Allyl-5-isopropylbarbital,-1.708,C=CCC1(C(C)C)C(=O)NC(=O)NC1=O
5-Allyl-5-methylbarbital,-1.16,C=CCC1(C)C(=O)NC(=O)NC1=O
5-Allyl-5-phenylbarbital,-2.369,C=CCC1(c2ccccc2)C(=O)NC(=O)NC1=O
5-Ethyl-5-(3-methylbutyl)barbital,-2.658,CCC1(CCC(C)C)C(=O)NC(=O)NC1=O
5-Ethyl-5-isopropylbarbituric acid,-2.148,CCC1(C(C)C)C(=O)NC(=O)NC1=O
5-Ethyl-5-phenylbarbital,-2.322,CCC1(c2ccccc2)C(=O)NC(=O)NC1=O
5-fluorouracil,-1.077,O=c1[nH]cc(F)c(=O)[nH]1
5-hydroxyquinoline,-2.54,Oc1cccc2ncccc12
5-Methyl-5-ethylbarbituric acid,-1.228,CCC1(C)C(=O)NC(=O)NC1=O
5-Methylchrysene,-6.59,Cc1cc2ccccc2c2ccc3ccccc3c12
5-methylcytosine,-1.458,Cc1c[nH]c(=O)nc1N
5-Nonanone,-2.58,CCCCC(=O)CCCC
6-aminochrysene,-6.2,Nc1cc2c3ccccc3ccc2c2ccccc12
6-hydroxyquinoline,-2.16,Oc1ccc2ncccc2c1
6-methoxypteridine,-1.139,COc1cnc2ncncc2n1
6-Methylchrysene,-6.57,Cc1cc2c3ccccc3ccc2c2ccccc12
"7,12-Dimethylbenz(a)anthracene",-7.02,Cc1c2ccccc2c(C)c2c1ccc1ccccc12
7-methoxypteridine,-0.91,COc1cnc2cncnc2n1
7-methylpteridine,-0.854,Cc1cnc2cncnc2n1
8-quinolinol,-2.42,Oc1cccc2cccnc12
"9,10-Dimethylanthracene",-6.57,Cc1c2ccccc2c(C)c2ccccc12
9-anthrol,-4.73,Oc1c2ccccc2cc2ccccc12
9-Methylanthracene,-5.89,Cc1c2ccccc2cc2ccccc12
Abate,-6.237,COP(=S)(OC)Oc1ccc(Sc2ccc(OP(=S)(OC)OC)cc2)cc1
Acenapthene,-4.63,c1cc2c3c(cccc3c1)CC2
Acenapthylene,-3.96,C1=Cc2cccc3cccc1c23
Acephate,0.54,COP(=O)(NC(C)=O)SC
Acetamide,1.58,CC(N)=O
Acetanilide,-1.33,CC(=O)Nc1ccccc1
Acetonitrile,0.26,CC#N
Acetophenone,-1.28,CC(=O)c1ccccc1
acetyl sulfisoxazole,-3.59,CC(=O)N(c1onc(C)c1C)S(=O)c1ccc(N)cc1
Acridine,-3.67,c1ccc2nc3ccccc3cc2c1
Acrolein,0.57,C=CC=O
Acrylonitrile,0.15,C=CC#N
adenine,-2.12,Nc1ncnc2nc[nH]c12
adrenosterone,-3.48,CC12CC(=O)C3C(CCC4=CC(=O)CCC43C)C1CCC2=O
alachlor,-3.26,CCc1cccc(CC)c1N(COC)C(=O)CCl
aldosterone,-3.85,CC12CCC(=O)C=C1CCC1C2C(O)CC2(C=O)C(C(=O)CO)CCC12
Aldrin,-6.307,ClC1=C(Cl)C2(Cl)C3C4C=CC(C4)C3C1(Cl)C2(Cl)Cl
allantoin,-1.6,NC(=O)NC1NC(=O)NC1=O
allicin,-0.83,C=CCSS(=O)CC=C
allopurinol,-2.266,O=c1[nH]cnc2[nH]ncc12
alloxan,-1.25,O=C1NC(=O)C(=O)C(=O)N1
alloxantin,-1.99,O=C1NC(=O)C(O)(C2(O)C(=O)NC(=O)NC2=O)C(=O)N1
Altretamine,-3.364,CN(C)c1nc(N(C)C)nc(N(C)C)n1
Ametryn,-3.04,CCNc1nc(NC(C)C)nc(SC)n1
Amigdalin,-0.77,N#CC(OC1OC(COC2OC(CO)C(O)C(O)C2O)C(O)C(O)C1O)c1ccccc1
Aminocarb,-2.36,CNC(=O)Oc1ccc(N(C)C)c(C)c1
aminopyrine,-0.364,Cc1c(N(C)C)c(=O)n(-c2ccccc2)n1C
aminothiazole,-0.36,Nc1nccs1
Amitraz,-5.47,Cc1ccc(N=CN(C)C=Nc2ccc(C)cc2C)c(C)c1
Amitrole,0.522,Nc1nc[nH]n1
Amobarbital,-2.468,CCC1(CCC(C)C)C(=O)NC(=O)NC1=O
ampyrone,-0.624,Cc1c(N)c(=O)n(-c2ccccc2)n1C
Ancymidol,-2.596,COc1ccc(C(O)(c2cncnc2)C2CC2)cc1
Androstenedione,-3.69,CC12CCC3C(CCC4=CC(=O)CCC43C)C1CCC2=O
Androsterone,-4.402,CC12CCC3C(CCC4CC(O)CCC43C)C1CCC2=O
Anethole,-3.13,CC=Cc1ccc(OC)cc1
Aniline ,-0.41,Nc1ccccc1
Anilofos,-4.432,COP(=S)(OC)SCC(=O)N(c1ccc(Cl)cc1)C(C)C
Anisole,-1.85,COc1ccccc1
Anthracene,-6.35,c1ccc2cc3ccccc3cc2c1
Anthraquinone,-5.19,O=C1c2ccccc2C(=O)c2ccccc21
Antipyrene,0.715,Cc1cc(=O)n(-c2ccccc2)n1C
Apazone,-3.538,CCCC1C(=O)N2C(N(C)C)=Nc3ccc(C)cc3N2C1=O
Atratone,-2.084,CCNc1nc(NC(C)C)nc(OC)n1
Azintamide,-1.716,CCN(CC)C(=O)CSc1ccc(Cl)nn1
Azobenzene,-4.45,c1ccc(N=Nc2ccccc2)cc1
Azodrin,0.651,CNC(=O)C=C(C)OP(=O)(OC)OC
Barban,-4.37,O=C(Nc1cccc(Cl)c1)OCC#CCCl
Barbital,-2.4,CCC1(CC)C(=O)NC(=O)NC1=O
Bendroflumethiazide,-3.59,NS(=O)(=O)c1cc2c(cc1C(F)(F)F)NC(Cc1ccccc1)NS2(=O)=O
Benfluralin,-5.53,CCCCN(CC)c1c([N+](=O)[O-])cc(C(F)(F)F)cc1[N+](=O)[O-]
Benfuracarb,-4.71,CCOC(=O)CCN(SN(C)C(=O)Oc1cccc2c1OC(C)(C)C2)C(C)C
benodanil,-4.21,O=C(Nc1ccccc1)c1ccccc1I
Benomyl,-4.883,CCCCNC(=O)n1c(NC(=O)OC)nc2ccccc21
Bensulide,-4.2,CC(C)OP(=S)(OC(C)C)SCCNS(=O)(=O)c1ccccc1
Benzaldehyde,-1.19,O=Cc1ccccc1
Benzamide,-0.96,NC(=O)c1ccccc1
Benzene ,-1.64,c1ccccc1
benzhydrol,-2.55,OC(c1ccccc1)c1ccccc1
Benznidazole,-2.81,O=C(Cn1ccnc1[N+](=O)[O-])NCc1ccccc1
Benzo(a)fluorene,-6.68,c1ccc2c(c1)Cc1c-2ccc2ccccc12
Benzo(a)pyrene,-8.699,c1ccc2c(c1)cc1ccc3cccc4ccc2c1c34
Benzo(b)fluoranthene,-8.23,c1ccc2c(c1)-c1cccc3c1c-2cc1ccccc13
Benzo(b)fluorene,-8.04,c1ccc2c(c1)Cc1cc3ccccc3cc1-2
Benzo(e)pyrene,-7.8,c1ccc2c(c1)c1cccc3ccc4cccc2c4c31
Benzo(j)fluoranthene,-8,c1ccc2c3c(ccc2c1)-c1cccc2cccc-3c12
Benzo(k)fluoranthene,-8.49,c1ccc2cc3c(cc2c1)-c1cccc2cccc-3c12
Benzo[ghi]perylene,-9.018,c1cc2ccc3ccc4ccc5cccc6c(c1)c2c3c4c56
Benzocaine,-2.616,CCOC(=O)c1ccc(N)cc1
benzoin,-2.85,O=C(c1ccccc1)C(O)c1ccccc1
Benzonitrile,-1,N#Cc1ccccc1
Benzophenone,-3.12,O=C(c1ccccc1)c1ccccc1
benzothiazole,-1.5,c1ccc2scnc2c1
Benzotriazole,-0.78,c1ccc2[nH]nnc2c1
Benzoxazole,-1.16,c1ccc2ocnc2c1
Benzylchloride,-2.39,ClCc1ccccc1
Benzyltrifluoride,-2.51,FC(F)(F)c1ccccc1
benzylurea,-0.95,NC(=O)NCc1ccccc1
Betamethasone-17-valerate,-4.71,CCCCC(=O)OC1(C(=O)CO)C(C)CC2C3CCC4=CC(=O)C=CC4(C)C3(F)C(O)CC21C
Bibenzyl ,-4.62,c1ccc(CCc2ccccc2)cc1
Biphenyl,-4.345,c1ccc(-c2ccccc2)cc1
biquinoline,-5.4,c1ccc2nc(-c3ccc4ccccc4n3)ccc2c1
borneol,-2.32,CC1(C)C2CCC1(C)C(O)C2
Bromacil,-2.523,CCC(C)n1c(=O)[nH]c(C)c(Br)c1=O
bromadiolone,-4.445,O=c1oc2ccccc2c(O)c1C(CC(O)c1ccc(-c2ccc(Br)cc2)cc1)c1ccccc1
Bromobenzene,-2.55,Brc1ccccc1
Bromochloromethane,-0.89,ClCBr
Bromodichloromethane,-1.54,ClC(Cl)Br
Bromoethane,-1.09,CCBr
Bromomethane,-0.79,CBr
Bromophos,-6.09,COP(=S)(OC)Oc1cc(Cl)c(Br)cc1Cl
bromopropylate,-4.93,CC(C)OC(=O)C(O)(c1ccc(Br)cc1)c1ccc(Br)cc1
bromoxynil,-3.33,N#Cc1cc(Br)c(O)c(Br)c1
brompyrazone,-3.127,Nc1cnn(-c2ccccc2)c(=O)c1Br
bupirimate,-4.16,CCCCc1c(C)nc(NCC)nc1OS(=O)(=O)N(C)C
butacarb,-4.24,CNC(=O)Oc1cc(C(C)(C)C)cc(C(C)(C)C)c1
butachlor,-4.19,CCCCOCN(C(=O)CCl)c1c(CC)cccc1CC
butallylonal,-2.647,C=C(Br)CC1(C(C)CC)C(=O)NC(=O)NC1=O
Butamben,-3.082,CCCCOC(=O)c1ccc(N)cc1
Butan-2-ol,0.47,CCC(C)O
Butane,-2.57,CCCC
Butanethiol ,-2.18,CCCCS
Butethal,-1.661,CCCCC1(CC)C(=O)NC(=O)NC1=O
Buthidazole,-1.877,CN1CC(O)N(c2nnc(C(C)(C)C)s2)C1=O
Buturon,-3.9,C#CC(C)N(C)C(=O)Nc1ccc(Cl)cc1
Butyl acetate,-1.37,CCCCOC=O
Butylate,-3.68,CCSC(=O)N(CC(C)C)CC(C)C
Butylbenzene,-4.06,CCCCc1ccccc1
Butyraldehyde,-0.01,CCCC=O
Caffeine,-0.876,Cn1c(=O)c2c(ncn2C)n(C)c1=O
Camphor,-1.96,CC12CCC(CC1=O)C2(C)C
Caproaldehyde,-1.3,CCCCCC=O
captafol,-5.4,O=C1C2CC=CCC2C(=O)N1SC(Cl)(Cl)C(Cl)Cl
Carbanilide,-3.15,O=C(Nc1ccccc1)Nc1ccccc1
Carbaryl,-3.224,CNC(=O)Oc1cccc2ccccc12
Carbetamide,-1.83,CCNC(=O)C(C)OC(=O)Nc1ccccc1
Carbofuran,-2.8,CNC(=O)Oc1cccc2c1OC(C)(C)C2
Carbophenthion,-5.736,CCOP(=S)(OCC)SCSc1ccc(Cl)cc1
Carboxin,-3.14,CC1=C(C(=O)Nc2ccccc2)SCCO1
Carbromal,-2.68,CCC(Br)(CC)C(=O)NC(N)=O
Carvacrol,-2.08,Cc1ccc(C(C)C)cc1O
Carvone,-2.06,C=C(C)C1CC=C(C)C(=O)C1
chloralose,-1.84,OCC(O)C1OC2OC(C(Cl)(Cl)Cl)OC2C1O
Chloramphenicol,-2.111,O=C(NC(CO)C(O)c1ccc([N+](=O)[O-])cc1)C(Cl)Cl
Chlorazine,-4.411,CCN(CC)c1nc(Cl)nc(N(CC)CC)n1
Chlorbromuron,-3.924,CON(C)C(=O)Nc1ccc(Br)c(Cl)c1
Chlorbufam,-2.617,C#CC(C)OC(=O)Nc1cccc(Cl)c1
Chlordane,-6.86,ClC1=C(Cl)C2(Cl)C3C(Cl)C(Cl)CC3C1(Cl)C2(Cl)Cl
Chlordene,-5.64,ClC1=C(Cl)C2(Cl)C3CC=CC3C1(Cl)C2(Cl)Cl
chlordimeform,-2.86,Cc1cc(Cl)ccc1N=CN(C)C
Chlorimuron-ethyl (ph 7),-4.576,CCOC(=O)c1ccccc1S(=O)(=O)NN(C=O)c1nc(Cl)cc(OC)n1
chloroacetamide,-0.02,NC(=O)CCl
Chloroacetonitrile,-0.092,N#CCCl
Chlorobenzene,-2.38,Clc1ccccc1
Chlorodibromethane,-1.9,ClC(Br)Br
Chloroethane,-1.06,CCCl
Chloroethylene,-1.75,C=CCl
Chloropham,-3.38,CC(C)OC(=O)Nc1cccc(Cl)c1
Chloropicrin,-2,O=[N+]([O-])C(Cl)(Cl)Cl
chloropropylate,-4.53,CC(C)OC(=O)C(O)(c1ccc(Cl)cc1)c1cccc(Cl)c1
Chlorothalonil,-5.64,N#Cc1c(Cl)c(Cl)c(Cl)c(C#N)c1Cl
chlorothiazide,-3.05,NS(=O)(=O)c1cc2c(cc1Cl)N=CNS2(=O)=O
Chlorotoluron,-3.46,Cc1ccc(NC(=O)N(C)C)cc1Cl
Chloroxuron,-4.89,CN(C)C(=O)Nc1ccc(Oc2ccc(Cl)cc2)cc1
chlorpyrifos,-5.67,CCOP(=S)(OCC)Oc1nc(Cl)c(Cl)cc1Cl
chlorquinox,-5.43,Clc1c(Cl)c(Cl)c2nccnc2c1Cl
Chlorthalidone,-3.451,NS(=O)(=O)c1cc(C2(O)NC(=O)c3ccccc32)ccc1Cl
Chlortoluron,-3.483,Cc1ccc(NC(=O)N(C)C)cc1Cl
Chlorzoxazone,-2.831,O=c1[nH]c2cc(Cl)ccc2o1
Cholanthrene,-7.85,c1cc2c3c(c4ccc5ccccc5c4cc3c1)CC2
Chrysene,-8.057,c1ccc2c(c1)ccc1c3ccccc3ccc21
"cis 1,2-Dichloroethylene",-1.3,Cl/C=C\Cl
"cis-1,2-Dimethylcyclohexane",-4.3,CC1CCCCC1C
cis-2-Pentene,-2.54,C/C=C\CC
citral,-2.06,CC(C)=CCCC(C)=CC=O
Clomazone,-2.338,CC1(C)CON(Cc2ccccc2Cl)C1=O
Clonazepam,-3.499,O=C1CN=C(c2ccccc2Cl)c2cc([N+](=O)[O-])ccc2N1
Coronene,-9.332,c1cc2ccc3ccc4ccc5ccc6ccc1c1c2c3c4c5c61
Cortisone,-3.11,CC12CCC(=O)C=C1CCC1C2C(=O)CC2(C)C1CCC2(O)C(=O)CO
cortisone acetate,-4.21,CC(=O)OCC(=O)C1(O)CCC2C3CCC4=CC(=O)CCC4(C)C3C(=O)CC21C
Coumachlor,-5.839,CC(=O)CC(c1ccc(Cl)cc1)c1c(O)c2ccccc2oc1=O
Coumaphos,-5.382,CCOP(=S)(OCC)Oc1ccc2oc(=O)c(Cl)c(C)c2c1
Coumatetralyl,-2.84,O=c1oc2ccccc2c(O)c1C1CCCc2ccccc21
Cyanazine,-3.15,CCNc1nc(Cl)nc(NC(C)(C)C#N)n1
cycloate,-3.4,CCSC(=O)N(CC)C1CCCCC1
cyclobarbital,-2.17,CCC1(C2=CCCCC2)C(=O)NC(=O)NC1=O
Cyclobutyl-5-spirobarbituric acid,-1.655,O=C1NC(=O)C2(CCC2)C(=O)N1
Cycloheptane,-3.51,C1CCCCCC1
Cycloheptanol,-0.88,OC1CCCCCC1
Cycloheptene,-3.18,C1=CCCCCC1
Cycloheptyl-5-spirobarbituric acid,-3.168,O=C1NC(=O)C2(CCCCCC2)C(=O)N1
Cyclohexane,-3.1,C1CCCCC1
Cyclohexanol ,-0.44,OC1CCCCC1
Cyclohexanone,-0.6,O=C1CCCCC1
Cyclohexene,-2.59,C1=CCCCC1
cycloheximide,-1.13,CC1CC(C)C(=O)C(C(O)CC2CC(=O)NC(=O)C2)C1
Cyclohexyl-5-spirobarbituric acid,-3.06,O=C1NC(=O)C2(CCCCC2)C(=O)N1
Cyclooctane,-4.15,C1CCCCCCC1
Cyclooctanol,-1.29,OC1CCCCCCC1
Cyclooctyl-5-spirobarbituric acid,-2.982,O=C1NC(=O)C2(CCCCCCC2)C(=O)N1
Cyclopentane ,-2.64,C1CCCC1
Cyclopentene ,-2.1,C1=CCCC1
Cyclopentyl-5-spirobarbituric acid,-2.349,O=C1NC(=O)C2(CCCC2)C(=O)N1
Cyclopropyl-5-spirobarbituric acid,-1.886,O=C1NC(=O)C2(CC2)C(=O)N1
Cycluron,-2.218,CN(C)C(=O)NC1CCCCCCC1
Cyfluthrin,-7.337,CC1(C)C(C=C(Cl)Cl)C1C(=O)OC(C#N)c1ccc(F)c(Oc2ccccc2)c1
Cyhalothrin,-8.176,CC1(C)C(C=C(Cl)C(F)(F)F)C1C(=O)OC(C#N)c1cccc(Oc2ccccc2)c1
Cypermethrin,-8.017,CC1(C)C(C=C(Cl)Cl)C1C(=O)OC(C#N)c1cccc(Oc2ccccc2)c1
cytosine,-1.155,Nc1cc[nH]c(=O)n1
Danazol,-5.507,C#CC1(O)CCC2C3CCC4=Cc5oncc5CC4(C)C3CCC21C
Dapsone,-3.094,Nc1ccc(S(=O)(=O)c2ccc(N)cc2)cc1
DDD,-7.2,Clc1ccc(C(c2ccc(Cl)cc2)C(Cl)Cl)cc1
DDE,-6.9,ClC(Cl)=C(c1ccc(Cl)cc1)c1ccc(Cl)cc1
DDT,-7.15,Clc1ccc(C(c2ccc(Cl)cc2)C(Cl)(Cl)Cl)cc1
Decalin,-5.19,C1CCC2CCCCC2C1
DEF,-5.14,CCCCSP(=O)(SCCCC)SCCCC
Deltamethrin,-8.402,CC1(C)C(C=C(Br)Br)C1C(=O)OC(C#N)c1cccc(Oc2ccccc2)c1
Deoxycorticosterone,-3.45,CC12CCC(=O)C=C1CCC1C2CCC2(C)C(C(=O)CO)CCC12
deoxycorticosterone acetate,-4.63,CC(=O)OCC(=O)C1CCC2C3CCC4=CC(=O)CCC4(C)C3CCC12C
Desmedipham,-4.632,CCOC(=O)Nc1cccc(OC(=O)Nc2ccccc2)c1
dexamethasone acetate,-4.9,CC(=O)OCC(=O)C1(O)C(C)CC2C3CCC4=CC(=O)C=CC4(C)C3(F)C(O)CC21C
D-fenchone,-1.85,CC12CCC(C1)C(C)(C)C2=O
Di(2-ethylhexyl)-phthalate,-6.96,CCCCC(CC)COC(=O)c1ccccc1C(=O)OCC(CC)CCCC
Dialifor,-6.34,CCOP(=S)(OCC)SC(CCl)N1C(=O)c2ccccc2C1=O
Dialifos,-6.34,CCOP(=S)(OCC)SC(CCl)N1C(=O)c2ccccc2C1=O
Diallate,-4.286,CC(C)N(C(=O)SCC(Cl)=CCl)C(C)C
Diazepam,-3.754,CN1C(=O)CN=C(c2ccccc2)c2cc(Cl)ccc21
Diazinon,-3.64,CCOP(=S)(OCC)Oc1cc(C)nc(C(C)C)n1
Dibenzofurane,-4.6,c1ccc2c(c1)oc1ccccc12
Dibenzothiophene,-4.38,c1ccc2c(c1)sc1ccccc12
Dibromomethane,-1.17,BrCBr
Dibutyl ether ,-1.85,CCCCOCCCC
dibutyl sebacate,-3.896,CCCCOC(=O)CCCCCCCCC(=O)OCCCC
dibutylphthalate,-4.4,CCCCOC(=O)c1ccccc1C(=O)OCCCC
Dicapthon,-4.31,COP(=S)(OC)Oc1ccc([N+](=O)[O-])cc1Cl
Dichloromethane,-0.63,ClCCl
Dichlorophen,-3.953,Oc1ccc(Cl)cc1Cc1cc(Cl)ccc1O
Dicofol,-5.666,OC(c1ccc(Cl)cc1)(c1ccc(Cl)cc1)C(Cl)(Cl)Cl
Dieldrin,-6.29,ClC1=C(Cl)C2(Cl)C3C4CC(C5OC45)C3C1(Cl)C2(Cl)Cl
Dienestrol,-4.95,CC=C(C(=CC)c1ccc(O)cc1)c1ccc(O)cc1
Dienochlor,-7.278,ClC1=C(Cl)C(Cl)(C2(Cl)C(Cl)=C(Cl)C(Cl)=C2Cl)C(Cl)=C1Cl
Diethyl ether ,-0.09,CCOCC
Diethyl phthalate ,-2.35,CCOC(=O)c1ccccc1C(=O)OCC
Diethyl sulfide,-1.34,CCSCC
Diethyldisulfide,-2.42,CCSSCC
diethylstilbestrol,-4.07,CCC(=C(CC)c1ccc(O)cc1)c1ccc(O)cc1
Difenoxuron,-4.16,COc1ccc(Oc2ccc(NC(=O)N(C)C)cc2)cc1
difluron,-6.02,O=C(NC(=O)c1c(F)cccc1F)Nc1ccc(Cl)cc1
Digitoxin,-5.293,CC1OC(OC2C(O)CC(OC3C(O)CC(OC4CCC5(C)C(CCC6C5CCC5(C)C(C7=CC(=O)OC7)CCC65O)C4)OC3C)OC2C)CC(O)C1O
"Digoxin (L1=41,8mg/mL, L2=68,2mg/mL, Z=40,1mg/mL)",-4.081,CC1OC(OC2C(O)CC(OC3C(O)CC(OC4CCC5(C)C(CCC6C5CC(O)C5(C)C(C7=CC(=O)OC7)CCC65O)C4)OC3C)OC2C)CC(O)C1O
Dihexyl phthalate,-6.144,CCCCCCOC(=O)c1ccccc1C(=O)OCCCCCC
Diiodomethane,-2.34,ICI
diisooctyl phthalate,-6.637,CC(C)CCCCCOC(=O)c1ccccc1C(=O)OCCCCCC(C)C
Diisopropyl ether ,-1.1,CC(C)OC(C)C
Diisopropylsulfide,-2.24,CC(C)SC(C)C
Dimecron,0.523,CCN(CC)C(=O)C(Cl)=CCOP(=O)(OC)OC
Dimefuron,-4.328,CN(C)C(=O)Nc1ccc(-n2nc(C(C)(C)C)oc2=O)c(Cl)c1
dimetan,-0.85,CN(C)C(=O)OC1=CC(=O)CC(C)(C)C1
dimethirimol,-2.24,CCCCc1c(C)nc(N(C)C)nc1O
Dimethoxymethane,0.48,COCOC
Dimethyl phthalate,-1.66,COC(=O)c1ccccc1C(=O)OC
Dimethyl sulfide,-0.45,CSC
Dimethyldisulfide,-1.44,CSSC
Dinitramine,-5.47,CCN(CC)c1c([N+](=O)[O-])cc(C(F)(F)F)c(N)c1[N+](=O)[O-]
Dinoseb,-3.38,CCC(C)c1cc([N+](=O)[O-])cc([N+](=O)[O-])c1O
d-inositol,0.35,OC1C(O)C(O)C(O)C(O)C1O
Di-n-propylsulfide,-2.58,CCCSCCC
dioctyl phthalate,-5.115,CCCCCCCCOC(=O)c1ccccc1C(=O)OCCCCCCCC
Diosgenin,-7.32,CC1COC2CC3(C)C(CC4C5C=C6CC(O)CCC6(C)CC5CCC43C)OC2C1
Dioxacarb,-1.57,CNC(=O)Oc1ccccc1C1OCCO1
diphenamid,-2.98,CN(C)C(=O)C(c1ccccc1)c1ccccc1
Diphenyl ether ,-3.96,c1ccc(Oc2ccccc2)cc1
Diphenylmethane,-4.08,c1ccc(Cc2ccccc2)cc1
Dipropyl ether,-1.62,CCCOCCC
Disulfiram,-4.86,CCN(CC)C(=S)SSC(=S)N(CC)CC
Disulfoton,-4.23,CCOP(=S)(OCC)SCCSCC
Ditalimfos,-3.35,CCOP(=S)(OCC)N1C(=O)c2ccccc2C1=O
Diuron,-3.8,CN(C)C(=O)Nc1ccc(Cl)c(Cl)c1
d-Limonene,-4.26,C=C(C)C1CC=C(C)CC1
DNOC,-1.456,Cc1cc([N+](=O)[O-])cc([N+](=O)[O-])c1O
Dulcin,-2.17,CCOc1ccc(NC(N)=O)cc1
Dyphylline,-0.17,Cn1c(=O)c2c(ncn2CC(O)CO)n(C)c1=O
Eicosane,-8.172,CCCCCCCCCCCCCCCCCCCC
Endrin,-6.18,ClC1=C(Cl)C2(Cl)C3C4CC(C5OC45)C3C1(Cl)C2(Cl)Cl
Epiandrosterone,-4.16,CC12CCC3C(CCC4CC(O)CCC43C)C1CCC2=O
Epitostanol,-5.41,CC12CCC3C(CCC4CC5SC5CC43C)C1CCC2O
Equilenin,-5.24,CC12CCc3c(ccc4cc(O)ccc34)C1CCC2=O
Equilin,-5.282,CC12CCC3C(=CCc4cc(O)ccc43)C1CCC2=O
Eriodictyol,-3.62,O=C1CC(c2ccc(O)c(O)c2)Oc2cc(O)cc(O)c21
Erythritol,0.7,OCC(O)C(O)CO
Estradiol,-5.03,CC12CCC3c4ccc(O)cc4CCC3C1CCC2O
Estragole,-2.92,C=CCc1ccc(OC)cc1
estriol,-4.955,CC12CCC3c4ccc(O)cc4CCC3C1CC(O)C2O
Ethalfluralin,-6.124,C=C(C)CN(CC)c1c([N+](=O)[O-])cc(C(F)(F)F)cc1[N+](=O)[O-]
Ethane,-1.36,CC
Ethanethiol,-0.6,CCS
Ethanol,1.1,CCO
Ethinyl estradiol,-4.3,C#CC1(O)CCC2C3CCc4cc(O)ccc4C3CCC21C
ethiofencarb,-2.09,CCSCc1ccccc1OC(=O)NC
Ethion,-5.54,CCOP(=S)(OCC)SCSP(=S)(OCC)OCC
Ethirimol,-3.028,CCCCc1c(C)nc(NCC)[nH]c1=O
Ethisterone,-5.66,C#CC1(O)CCC2C3CCC4=CC(=O)CCC4(C)C3CCC21C
Ethofumesate,-3.42,CCOC1Oc2ccc(OS(C)(=O)=O)cc2C1(C)C
ethofumesate,-3.42,CCOC1Oc2ccc(OS(C)(=O)=O)cc2C1(C)C
Ethyl acetate,-0.04,CCOC(C)=O
Ethyl benzoate ,-2.32,CCOC(=O)c1ccccc1
Ethyl butyrate,-1.28,CCCCCOC(=O)CC
ethyl cinnamate,-3,CCOC(=O)C=Cc1ccccc1
Ethyl decanoate,-4.1,CCCCCCCCCC(=O)OCC
Ethyl formate,0.15,CCOC=O
Ethyl heptanoate,-2.74,CCCCCCC(=O)OCC
Ethyl hexanoate,-2.35,CCCCCC(=O)OCC
Ethyl nonanoate,-3.8,CCCCCCCCC(=O)OCC
Ethyl octanoate,-3.39,CCCCCCCC(=O)OCC
Ethyl pentanoate,-1.75,CCCOC(=O)CCC
Ethyl propionate,-0.66,CCOC(=O)CC
Ethyl propyl ether,-0.66,CCCOCC
Ethyl vinyl ether,-0.85,C=COCC
Ethylbenzene,-2.77,CCc1ccccc1
Ethylcyclohexane,-4.25,CCC1CCCCC1
Ethylene,-0.4,C=C
Ethyl-p-aminobenzoate,-2.1,CCOC(=O)c1ccc(N)cc1
Ethyl-p-hydroxybenzoate ,-2.35,CCOC(=O)c1ccc(O)cc1
Ethyne,0.29,C#C
Etofenprox,-8.6,CCOc1ccc(C(C)(C)COCc2cccc(Oc3ccccc3)c2)cc1
Etomidate,-4.735,CCOC(=O)c1cncn1C(C)c1ccccc1
"Etoposide (148-167,25mg/ml)",-3.571,COc1cc(C2c3cc4c(cc3C(OC3OC5COC(C)OC5C(O)C3O)C3COC(=O)C23)OCO4)cc(OC)c1O
Eugenol,-1.56,C=CCc1ccc(O)c(OC)c1
Fenarimol,-4.38,OC(c1ccc(Cl)cc1)(c1cncnc1)c1ccccc1Cl
Fenfuram,-3.3,Cc1occc1C(=O)Nc1ccccc1
Fenitrothion,-4.04,COP(=S)(OC)Oc1ccc([N+](=O)[O-])c(C)c1
Fenothiocarb,-3.927,CN(C)C(=O)SCCCCOc1ccccc1
Fenoxycarb,-4.7,CCOC(=O)NCCOc1ccc(Oc2ccccc2)cc1
Fenpropathrin,-6.025,CC1(C)C(C(=O)OC(C#N)c2cccc(Oc3ccccc3)c2)C1(C)C
fensulfothion,-2.3,CCOP(=S)(OCC)Oc1ccc(S(C)=O)cc1
Fenthion,-4.57,COP(=S)(OC)Oc1ccc(SC)c(C)c1
Fenuron,-1.6,CN(C)C(=O)Nc1ccccc1
fluconazole,-1.8,OC(Cn1cncn1)(Cn1cncn1)c1ccc(F)cc1F
Flucythrinate,-6.876,CC(C)C(C(=O)OC(C#N)c1cccc(Oc2ccccc2)c1)c1ccc(OC(F)F)cc1
Flucytosine,-0.972,Nc1nc(=O)[nH]cc1F
Fludrocortisone,-3.43,CC12CCC(=O)C=C1CCC1C3CCC(O)(C(=O)CO)C3(C)CC(O)C12F
Flumethasone,-5.613,CC1CC2C3CC(F)C4=CC(=O)C=CC4(C)C3(F)C(O)CC2(C)C1(O)C(=O)CO
Flumetralin,-6.78,CCN(Cc1c(F)cccc1Cl)c1c([N+](=O)[O-])cc(C(F)(F)F)cc1[N+](=O)[O-]
Fluometuron,-3.43,CN(C)C(=O)Nc1cccc(C(F)(F)F)c1
Fluoranthene,-6,c1ccc2c(c1)-c1cccc3cccc-2c13
Fluorene ,-5,c1ccc2c(c1)Cc1ccccc1-2
Fluorobenzene,-1.8,Fc1ccccc1
Fluoromethalone,-4.099,CC(=O)C1(O)CCC2C3CC(C)C4=CC(=O)C=CC4(C)C3(F)C(O)CC21C
Fluorometuron,-3.32,CN(C)C(=O)Nc1cccc(C(F)(F)F)c1
Fluridone,-4.445,Cn1cc(-c2ccccc2)c(=O)c(-c2cccc(C(F)(F)F)c2)c1
Flurochloridone,-4.047,O=C1C(Cl)C(CCl)CN1c1cccc(C(F)(F)F)c1
Flutriafol,-3.37,OC(Cn1cncn1)(c1ccc(F)cc1)c1ccccc1F
Fluvalinate,-8.003,CC(C)C(Nc1ccc(C(F)(F)F)cc1Cl)C(=O)OC(C#N)c1cccc(Oc2ccccc2)c1
Formetanate,-2.34,CNC(=O)Oc1cccc(N=CN(C)C)c1
Formothion,-1.995,COP(=S)(OC)SCC(=O)N(C)C=O
Fructose,0.64,OCC1OC(O)(CO)C(O)C1O
Furane,-0.82,c1ccoc1
Furfural,-0.1,O=Cc1ccco1
gentisin,-2.943,COC1=CC2OC3C=CC(O)=CC3C(=O)C2C(O)=C1
Glafenine,-4.571,O=C(OCC(O)CO)c1ccccc1Nc1ccnc2cc(Cl)ccc12
glucose,0.74,OCC1OC(O)C(O)C(O)C1O
Glutethimide,-2.337,CCC1(c2ccccc2)CCC(=O)NC1=O
Glycerol,1.12,OCC(O)CO
Glyceryl triacetate,-0.6,CC(=O)OCC(COC(C)=O)OC(C)=O
Guaiacol,-1.96,COc1ccccc1O
guanine,-3.583,Nc1nc2[nH]cnc2c(=O)[nH]1
halothane,-1.71,FC(F)(F)C(Cl)Br
hematein,-2.7,O=C1C=C2CC3(O)COc4c(ccc(O)c4O)C3=C2C=C1O
Heptachlor,-6.317,ClC1=C(Cl)C2(Cl)C3C(Cl)C=CC3C1(Cl)C2(Cl)Cl
Heptane,-4.53,CCCCCCC
"Hexachloro-1,3-butadiene",-4.92,ClC(Cl)=C(Cl)C(Cl)=C(Cl)Cl
Hexachloroethane,-3.67,ClC(Cl)(Cl)C(Cl)(Cl)Cl
hexacosane,-8.334,CCCCCCCCCCCCCCCCCCCCCCCCCC
Hexadecane,-8.4,CCCCCCCCCCCCCCCC
Hexamethylbenzene,-5.23,Cc1c(C)c(C)c(C)c(C)c1C
Hexane ,-3.84,CCCCCC
Hexestrol,-4.43,CCC(c1ccc(O)cc1)C(CC)c1ccc(O)cc1
Hexylbenzene ,-5.21,CCCCCCc1ccccc1
hydantoin,-0.4,O=C1CNC(=O)N1
hydrazobenzene,-2.92,c1ccc(NNc2ccccc2)cc1
hydrobenzoin,-1.93,OC(c1ccccc1)C(O)c1ccccc1
hydrochlorothiazide,-2.63,NS(=O)(=O)c1cc2c(cc1Cl)NCNS2(=O)=O
Hydrocortisone ,-3.09,CC12CCC(=O)C=C1CCC1C2C(O)CC2(C)C1CCC2(O)C(=O)CO
Hydrocortisone 21-acetate,-4.88,CC(=O)OCC(=O)C1(O)CCC2C3CCC4=CC(=O)CCC4(C)C3C(O)CC21C
hydroxychlordene,-5.46,OC1C=CC2C1C1(Cl)C(Cl)=C(Cl)C2(Cl)C1(Cl)Cl
Hydroxyprogesterone-17a,-3.817,CC(=O)C1(O)CCC2C3CCC4=CC(=O)CCC4(C)C3CCC21C
Hypoxanthine,-2.296,O=c1[nH]cnc2nc[nH]c12
Indan,-3.04,c1ccc2c(c1)CCC2
Indapamide,-3.586,CC1Cc2ccccc2N1NC(=O)c1ccc(Cl)c(S(N)(=O)=O)c1
indazole,-2.16,c1ccc2[nH]ncc2c1
Indole,-1.52,c1ccc2[nH]ccc2c1
indoline,-1.04,c1ccc2c(c1)CCN2
Inosine,-1.23,OCC1OC(n2cnc3c(O)ncnc32)C(O)C1O
Iodobenzene,-3.01,Ic1ccccc1
Iodoethane,-1.6,CCI
Iodofenphos,-6.62,COP(=S)(OC)Oc1cc(Cl)c(I)cc1Cl
Iodomethane,-1,CI
Ioxynil,-3.61,N#Cc1cc(I)c(O)c(I)c1
Ipazine,-3.785,CCN(CC)c1nc(Cl)nc(NC(C)C)n1
Isazofos,-3.658,CCOP(=S)(OCC)Oc1nc(Cl)n(C(C)C)n1
Isobutyl acetate,-1.21,CC(=O)OCC(C)C
Isobutyl formate,-1.01,CC(C)COC=O
Isobutylbenzene,-4.12,CC(C)Cc1ccccc1
isocarbamid,-2.15,CC(C)CNC(=O)N1CCNC1=O
Isocarboxazid,-2.461,Cc1cc(C(=O)NNCc2ccccc2)no1
Isofenphos,-4.194,CCOP(=S)(NC(C)C)Oc1ccccc1C(=O)OC(C)C
isoguanine,-3.401,Nc1nc(O)nc2nc[nH]c12
Isonazid,0.009,NNC(=O)c1ccncc1
Isopentyl acetate,-1.92,CC(=O)OCCC(C)C
Isopentyl formate,-1.52,CC(C)CCOC=O
isophorone,-1.06,CC1=CC(=O)CC(C)(C)C1
Isoprocarb,-2.863,CNC(=O)Oc1ccccc1C(C)C
Isopropalin,-6.49,CCCN(CCC)c1c([N+](=O)[O-])cc(C(C)C)cc1[N+](=O)[O-]
Isopropyl acetate,-0.55,CC(=O)OC(C)C
Isopropyl formate,-0.63,CC(C)OC=O
Isopropylbenzene ,-3.27,CC(C)c1ccccc1
Isoproturon,-3.536,CC(C)c1ccc(NC(=O)N(C)C)cc1
Isoquinoline,-1.45,c1ccc2cnccc2c1
karbutilate,-2.93,CN(C)C(=O)Nc1cccc(OC(=O)NC(C)(C)C)c1
kebuzone,-3.27,CC(=O)CCC1C(=O)N(c2ccccc2)N(c2ccccc2)C1=O
Kepone,-5.259,O=C1C2(Cl)C3(Cl)C4(Cl)C(Cl)(Cl)C5(Cl)C3(Cl)C1(Cl)C5(Cl)C24Cl
Khellin,-3.021,COc1c2occc2c(OC)c2c(=O)cc(C)oc12
Lactose,-0.244,OCC1OC(OC2C(CO)OC(O)C(O)C2O)C(O)C(O)C1O
L-arabinose,0.39,OC1COC(O)C(O)C1O
Lenacil,-4.594,O=c1[nH]c2c(c(=O)n1C1CCCCC1)CCC2
linalool,-1.99,C=CC(C)(O)CCC=C(C)C
Lindane,-4.64,ClC1C(Cl)C(Cl)C(Cl)C(Cl)C1Cl
Linuron,-3.592,CON(C)C(=O)Nc1ccc(Cl)c(Cl)c1
Lorazepam,-3.604,O=C1Nc2ccc(Cl)cc2C(c2ccccc2Cl)=NC1O
Lovastatin,-6.005,CCC(C)C(=O)OC1CC(C)C=C2C=CC(C)C(CCC3CC(O)CC(=O)O3)C21
Malathion,-3.37,CCOC(=O)CC(SP(=S)(OC)OC)C(=O)OCC
Malonic acid diethylester,-0.82,CCOC(=O)CC(=O)OCC
Maltose,0.358,OCC1OC(OC2C(CO)OC(O)C(O)C2O)C(O)C(O)C1O
mannitol,0.06,OCC(O)C(O)C(O)C(O)CO
m-Chloroaniline,-1.37,Nc1cccc(Cl)c1
m-Chlorobromobenzene,-3.21,Clc1cccc(Br)c1
m-Chloroiodobenzene,-3.55,Clc1cccc(I)c1
m-Chloronitrobenzene ,-2.77,O=[N+]([O-])c1cccc(Cl)c1
Mebendazole,-3.88,COC(=O)Nc1nc2ccc(C(=O)c3ccccc3)cc2[nH]1
Mecarbam,-2.518,CCOC(=O)N(C)C(=O)CSP(=S)(OCC)OCC
meconin,-1.899,COC1=C(OC)C2C(=O)OCC2C=C1
Medrogestone,-5.27,CC(=O)C1(C)CCC2C3C=C(C)C4=CC(=O)CCC4(C)C3CCC21C
Mefenacet,-4.873,CN(C(=O)COc1nc2ccccc2s1)c1ccccc1
Mefluidide,-3.24,CC(=O)Nc1cc(NS(=O)(=O)C(F)(F)F)c(C)cc1C
megestrol acetate,-5.35,CC(=O)OC1(C(C)=O)CCC2C3C=C(C)C4=CC(=O)CCC4(C)C3CCC21C
Menadione,-3.03,CC1=CC(=O)c2ccccc2C1=O
menthol,-2.53,CC1CCC(C(C)C)C(O)C1
Menthone,-2.35,CC1CCC(C(C)C)C(=O)C1
Meprobamate,-1.807,CCCC(C)(COC(N)=O)COC(N)=O
mercaptobenzothiazole,-3.18,Sc1nc2ccccc2s1
metalaxyl,-1.601,COCC(=O)N(c1c(C)cccc1C)C(C)C(=O)OC
Methane,-0.9,C
Methanol,1.57,CO
Methaqualone,-2.925,Cc1ccccc1-n1c(C)nc2ccccc2c1=O
metharbital,-2.23,CCC1(CC)C(=O)NC(=O)N(C)C1=O
Methazole,-2.82,Cn1c(=O)on(-c2ccc(Cl)c(Cl)c2)c1=O
Methocarbamol,-0.985,COc1ccccc1OCC(O)COC(N)=O
Methoprene,-5.19,COC(C)(C)CCCC(C)CC=CC(C)=CC(=O)OC(C)C
Methoproptryne,-2.928,COCCCNc1nc(NC(C)C)nc(SC)n1
Methoxsalen,-3.664,COc1c2occc2cc2ccc(=O)oc12
Methoxychlor,-6.89,COc1ccc(C(c2ccc(OC)cc2)C(Cl)(Cl)Cl)cc1
Methyl acetate,0.46,COC(C)=O
Methyl acrylate,-0.22,C=CC(=O)OC
Methyl benzoate ,-1.85,COC(=O)c1ccccc1
Methyl butyl ether ,-0.99,CCCCOC
Methyl butyrate,-0.82,CCCOC(=O)CC
Methyl decanoate,-4.69,CCCCCCCCCC(=O)OC
Methyl formate,0.58,COC=O
methyl gallate,-1.24,COC(=O)c1cc(O)c(O)c(O)c1
Methyl hexanoate,-1.87,CCCCCC(=O)OC
Methyl hydrazine,1.34,CNN
methyl laurate,-4.69,CCCCCCCCCCCC(=O)OC
methyl nicotinate,-0.46,COC(=O)c1cccnc1
Methyl nonanoate,-3.38,CCCCCCCCC(=O)OC
Methyl octanoate,-3.17,CCCCCCCC(=O)OC
Methyl pentanoate,-1.36,CCCC(=O)OCC
Methyl propionate,-0.14,CCC(=O)OC
Methyl propyl ether ,-0.39,CCCOC
Methyl t-butyl ether ,-0.24,COC(C)(C)C
Methylcyclohexane ,-3.85,CC1CCCCC1
Methylcyclopentane,-3.3,CC1CCCC1
Methyldymron,-3.35,CN(C(=O)NC(C)(C)c1ccccc1)c1ccccc1
Methylparaben,-1.827,COC(=O)c1ccc(O)cc1
methyltestosterone acetate,-5.284,CC(=O)OC1(C)CCC2C3CCC4=CC(=O)CCC4(C)C3CCC21C
methylthiouracil,-2.436,Cc1cc(=O)[nH]c(=S)[nH]1
Metolachlor,-2.73,CCc1cccc(C)c1N(C(=O)CCl)C(C)COC
Metolcarb,-1.803,CNC(=O)Oc1ccccc1
Metoxuron,-2.564,COc1ccc(NC(=O)N(C)C)cc1Cl
Metranidazole,-1.26,Cc1ncc([N+](=O)[O-])n1CCO
Metribuzin,-2.253,CSc1nnc(C(C)(C)C)c(=O)n1N
Metronidazole,-1.22,Cc1ncc([N+](=O)[O-])n1CCO
m-Fluorobromobenzene,-2.67,Fc1cccc(Br)c1
Minoxidil,-1.989,Nc1cc(N2CCCCC2)nc(N)[n+]1[O-]
Mirex,-6.8,ClC1(Cl)C2(Cl)C3(Cl)C4(Cl)C(Cl)(Cl)C5(Cl)C3(Cl)C1(Cl)C5(Cl)C24Cl
m-Methylaniline,-0.85,Cc1cccc(N)c1
m-Nitroaniline,-2.19,Nc1cccc([N+](=O)[O-])c1
m-Nitrophenol,-1.01,O=[N+]([O-])c1cccc(O)c1
m-Nitrotoluene,-2.44,Cc1cccc([N+](=O)[O-])c1
Monolinuron,-2.57,CON(C)C(=O)Nc1ccc(Cl)cc1
Monotropitoside,-0.742,COC(=O)c1ccccc1OC1OC(COC2OCC(O)C(O)C2O)C(O)C(O)C1O
Monuron,-2.89,CN(C)C(=O)Nc1ccc(Cl)cc1
Morin,-3.083,O=c1c(O)c(-c2ccc(O)cc2O)oc2cc(O)cc(O)c12
m-Xylene ,-2.82,Cc1cccc(C)c1
"N,N-Diethylaniline",-3.03,CCN(CC)c1ccccc1
"N,N-Dimethylacetamide",1.11,CC(=O)N(C)C
"N,N-Dimethylaniline",-1.92,CN(C)c1ccccc1
Naled,-2.28,COP(=O)(OC)OC(Br)C(Cl)(Cl)Br
Napropamide,-3.57,CCN(CC)C(=O)C(C)Oc1cccc2ccccc12
Napthacene,-8.6,c1ccc2cc3cc4ccccc4cc3cc2c1
Napthalene,-3.6,c1ccc2ccccc2c1
Neburon,-4.77,CCCCN(C)C(=O)Nc1ccc(Cl)c(Cl)c1
Nerol,-2.46,CC(C)=CCC/C(C)=C\CO
N-Ethylaniline,-1.7,CCNc1ccccc1
Niclosamide,-4.7,O=C(Nc1ccc([N+](=O)[O-])cc1Cl)c1cc(Cl)ccc1O
nicotinamide,0.61,NC(=O)c1cccnc1
nifuroxime,-2.19,O=[N+]([O-])c1ccc(C=NO)o1
Nimetazepam,-3.796,CN1C(=O)CN=C(c2ccccc2)c2cc([N+](=O)[O-])ccc21
Niridazole,-3.22,O=C1NCCN1c1ncc([N+](=O)[O-])s1
Nitramine,-3.561,CCN(CC)c1c([N+](=O)[O-])cc(C(F)(F)F)c(N)c1[N+](=O)[O-]
Nitrapyrin,-3.76,Clc1cccc(C(Cl)(Cl)Cl)n1
Nitrazepam,-3.796,O=C1CN=C(c2ccccc2)c2cc([N+](=O)[O-])ccc2N1
Nitrobenzene,-1.8,O=[N+]([O-])c1ccccc1
Nitroethane,-0.22,CC[N+](=O)[O-]
Nitrofen,-5.46,O=[N+]([O-])c1ccc(Oc2ccc(Cl)cc2Cl)cc1
nitrofurantoin,-3.38,O=C1CN(N=Cc2ccc([N+](=O)[O-])o2)C(=O)N1
nitroglycerin,-2.22,O=[N+]([O-])OCC(CO[N+](=O)[O-])O[N+](=O)[O-]
Nitromethane,0.26,C[N+](=O)[O-]
N-Methylaniline ,-1.28,CNc1ccccc1
Nonane,-5.88,CCCCCCCCC
norbormide,-3.931,O=C1NC(=O)C2C3C(C(O)(c4ccccc4)c4ccccn4)=CC(C3=C(c3ccccc3)c3ccccn3)C12
Norea,-3.171,CN(C)C(=O)NC1CC2CC1C1CCCC21
norethindrone acetate,-4.8,C#CC1(OC(C)=O)CCC2C3CCC4=CC(=O)CCC4C3CCC21C
Norethisterone,-4.57,C#CC1(O)CCC2C3CCC4=CC(=O)CCC4(O)C3CCC21C
norflurazon,-4.046,CNc1cnn(-c2cccc(C(F)(F)F)c2)c(=O)c1Cl
"O,P'-DDD",-6.51,Clc1ccc(C(c2ccccc2Cl)C(Cl)Cl)cc1
o-Aminophenol,-0.72,Nc1ccccc1O
o-Chloroaniline,-1.52,Nc1ccccc1Cl
o-Chlorobromobenzene,-3.19,Clc1ccccc1Br
o-Chloroiodobenzene,-3.54,Clc1ccccc1I
o-Chloronitrobenzene,-2.55,O=[N+]([O-])c1ccccc1Cl
Octane,-5.24,CCCCCCCC
O-Ethyl carbamate,0.85,CCOC(N)=O
o-Fluorobromobenzene,-2.7,Fc1ccccc1Br
o-Hydroxybenzamide,-1.82,NC(=O)c1ccccc1O
o-Methoxyphenol,-1.96,COc1ccccc1O
o-Nitroaniline,-1.96,Nc1ccccc1[N+](=O)[O-]
o-Nitroanisole,-1.96,COc1ccccc1[N+](=O)[O-]
o-Nitrophenol,-1.74,O=[N+]([O-])c1ccccc1O
o-Nitrotoluene,-2.33,Cc1ccccc1[N+](=O)[O-]
oryzalin,-5.16,CCCN(CCC)c1c([N+](=O)[O-])cc(S(N)(=O)=O)cc1[N+](=O)[O-]
osthole,-4.314,COc1ccc2ccc(=O)oc2c1CC=C(C)C
o-Toluidine,-2.21,Cc1ccccc1N
Oxadiazon,-5.696,CC(C)Oc1cc(-n2nc(C(C)(C)C)oc2=O)c(Cl)cc1Cl
Oxamyl,0.106,CNC(=O)ON=C(SC)C(=O)N(C)C
Oxycarboxin,-2.281,CC1=C(C(=O)Nc2ccccc2)S(=O)(=O)CCO1
o-Xylene ,-2.8,Cc1ccccc1C
"p,p'-Biphenyldiamine ",-2.7,Nc1ccc(-c2ccc(N)cc2)cc1
"P,P'-DDD",-7.2,Clc1ccc(C(c2ccc(Cl)cc2)C(Cl)Cl)cc1
"P,P'-DDE",-6.9,ClC(Cl)=C(c1ccc(Cl)cc1)c1ccc(Cl)cc1
p-Aminophenol,-0.8,Nc1ccc(O)cc1
parabanic acid,-0.4,O=C1NC(=O)C(=O)N1
Parathion,-4.66,CCOP(=S)(OCC)Oc1ccc([N+](=O)[O-])cc1
p-benzidine,-2.7,Nc1ccc(-c2ccc(N)cc2)cc1
p-Bromoacetanilide,-3.083,CC(=O)Nc1ccc(Br)cc1
p-Bromoiodobenzene,-4.56,Brc1ccc(I)cc1
p-Chloroacetanilide,-2.843,CC(=O)Nc1ccc(Cl)cc1
p-Chloroaniline,-1.66,Nc1ccc(Cl)cc1
p-Chlorobromobenzene,-3.63,Clc1ccc(Br)cc1
p-Chloroiodobenzene,-4.03,Clc1ccc(I)cc1
p-Chloronitrobenzene,-2.92,O=[N+]([O-])c1ccc(Cl)cc1
p-Cresol,-0.73,Cc1ccc(O)cc1
Pebulate,-3.53,CCCCN(CC)C(=O)SCCC
Pencycuron,-5.915,O=C(Nc1ccccc1)N(Cc1ccc(Cl)cc1)C1CCCC1
Pentachlorobenzene,-5.65,Clc1cc(Cl)c(Cl)c(Cl)c1Cl
Pentachloroethane,-2.6,ClC(Cl)C(Cl)(Cl)Cl
Pentachlorophenol,-4.28,Oc1c(Cl)c(Cl)c(Cl)c(Cl)c1Cl
Pentamethylbenzene,-4,Cc1cc(C)c(C)c(C)c1C
Pentane,-3.18,CCCCC
Pentobarbital,-2.39,CCCC(C)C1(CC)C(=O)NC(=O)NC1=O
Pentyl acetate,-1.89,CCCCCOC(C)=O
Pentyl propanoate,-2.25,CCCCC(=O)OCC
Pentylbenzene,-4.64,CCCCCc1ccccc1
Pentylcyclopentane,-6.08,CCCCCC1CCCC1
Perfluidone,-3.8,Cc1cc(S(=O)(=O)c2ccccc2)ccc1NS(=O)(=O)C(F)(F)F
Permethrin,-6.291,CC1(C)C(C=C(Cl)Cl)C1C(=O)OCc1cccc(Oc2ccccc2)c1
Perylene,-8.804,c1cc2cccc3c4cccc5cccc(c(c1)c23)c54
p-Fluoroacetanilide,-1.78,CC(=O)Nc1ccc(F)cc1
Phenanthrene,-5.26,c1ccc2c(c1)ccc1ccccc12
phenanthridine,-2.78,c1ccc2c(c1)cnc1ccccc12
Phenetole,-2.33,CCOc1ccccc1
Phenmedipham,-4.805,COC(=O)Nc1cccc(OC(=O)Nc2cccc(C)c2)c1
phenobarbital,-2.322,CCC1(c2ccccc2)C(=O)NC(=O)NC1=O
Phenol,0,Oc1ccccc1
phenolphthalein,-2.9,O=C1OC(c2ccc(O)cc2)(c2ccc(O)cc2)c2ccccc21
phenothrin,-5.24,CC(C)=CC1C(C(=O)OCc2cccc(Oc3ccccc3)c2)C1(C)C
phenylbutazone,-3.81,CCCCC1C(=O)N(c2ccccc2)N(c2ccccc2)C1=O
Phenylhydrazine,0.07,NNc1ccccc1
Phenylmethanol,-0.4,OCc1ccccc1
Phenylthiourea,-1.77,NC(=S)Nc1ccccc1
Phenytoin,-4.097,O=C1NC(=O)C(c2ccccc2)(c2ccccc2)N1
Phorate,-4.11,CCOP(=S)(OCC)SCSCC
Phosalone,-5.233,CCOP(=S)(OCC)SCn1c(=O)oc2cc(Cl)ccc21
Phoxim,-4.862,CCOP(=S)(OCC)ON=C(C#N)c1ccccc1
phthalamide,-2.932,O=C1NC(=O)C2C=CC=CC12
phthalimide,-2.61,O=C1NC(=O)c2ccccc21
Phthalonitrile,-2.38,N#Cc1ccccc1C#N
p-Hydroxyacetanilide,-1.03,CC(=O)Nc1ccc(O)cc1
p-Hydroxybenzaldehyde ,-0.96,O=Cc1ccc(O)cc1
Picene,-7.87,c1ccc2c(c1)ccc1c2ccc2c3ccccc3ccc21
Piperine,-3.46,O=C(C=CC=Cc1ccc2c(c1)OCO2)N1CCCCC1
piperonal,-1.63,O=Cc1ccc2c(c1)OCO2
Piperophos,-4.15,CCCOP(=S)(OCCC)SCC(=O)N1CCCCC1C
Pirimicarb,-1.95,Cc1nc(N(C)C)nc(OC(=O)N(C)C)c1C
piroxicam,-4.16,CN1C(C(=O)Nc2ccccn2)=C(O)c2ccccc2S1(=O)=O
p-Methoxybenzaldehyde,-1.49,COc1ccc(C=O)cc1
p-Methylaniline ,-1.21,Cc1ccc(N)cc1
p-Nitroaniline,-2.37,Nc1ccc([N+](=O)[O-])cc1
p-Nitroanisole,-2.41,COc1ccc([N+](=O)[O-])cc1
p-Nitrophenol,-0.74,O=[N+]([O-])c1ccc(O)cc1
p-Nitrotoluene,-2.49,Cc1ccc([N+](=O)[O-])cc1
p-Phenylphenol,-3.48,Oc1ccc(-c2ccccc2)cc1
Prasterone,-4.12,CC12CCC3C(CC=C4CC(O)CCC43C)C1CCC2=O
Prednisolone,-3.18,CC12C=CC(=O)C=C1CCC1C2C(O)CC2(C)C1CCC2(O)C(=O)CO
prednisolone acetate,-4.37,CC(=O)OCC(=O)C1(O)CCC2C3CCC4=CC(=O)C=CC4(C)C3C(O)CC21C
pregnenolone,-4.65,CC(=O)C1CCC2C3CC=C4CC(O)CCC4(C)C3CCC12C
probarbital,-2.21,CCC1(C(C)C)C(=O)NC(=O)NC1=O
Procymidone,-4.8,CC12CC1(C)C(=O)N(c1cc(Cl)cc(Cl)c1)C2=O
Progesterone,-4.42,CC(=O)C1CCC2C3CCC4=CC(=O)CCC4(C)C3CCC12C
Prometon,-2.478,COc1nc(NC(C)C)nc(NC(C)C)n1
Prometryn,-4.1,CSc1nc(NC(C)C)nc(NC(C)C)n1
propachlor,-2.48,CC(C)N(C(=O)CCl)c1ccccc1
Propane,-1.94,CCC
Propanil,-3,CCC(=O)Nc1ccc(Cl)c(Cl)c1
Propazine,-4.43,CC(C)Nc1nc(Cl)nc(NC(C)C)n1
Propetamphos,-3.408,CCNP(=S)(OC)OC(C)=CC(=O)OC(C)C
Propiconazole,-3.493,CCCC1COC(Cn2cncn2)(c2ccc(Cl)cc2Cl)O1
Propionaldehyde,0.58,CCC=O
Propionitrile,0.28,CCC#N
Propoxur,-2.05,CNC(=O)Oc1ccccc1OC(C)C
Propyl acetate,-0.72,CCCOC(C)=O
Propyl butyrate,-1.92,CCCC(=O)OC
Propyl formate,-0.49,CCCOC=O
Propyl propanoate,-1.34,CCCCC(=O)OC
Propylbenzene ,-3.37,CCCc1ccccc1
Propylcyclopentane,-4.74,CCCC1CCCC1
Propylene,-1.08,C=CC
Propylisopropylether,-1.34,CCCOC(C)C
Propyne,-0.41,C#CC
p-t-Butylphenol,-2.41,CC(C)(C)c1ccc(O)cc1
Pteridine,0.02,c1cnc2ncncc2n1
p-terphenyl,-7.11,c1ccc(-c2ccc(-c3ccccc3)cc2)cc1
p-Toluenesulfonamide ,-1.74,Cc1ccc(S(N)(=O)=O)cc1
p-Xylene ,-2.77,Cc1ccc(C)cc1
pyracarbolid,-2.56,CC1=C(C(=O)Nc2ccccc2)CCCO1
Pyrazinamide,-0.667,NC(=O)c1cnccn1
Pyrazon,-2.878,Nc1cnn(-c2ccccc2)c(=O)c1Cl
Pyrene,-6.176,c1cc2ccc3cccc4ccc(c1)c2c34
Pyridazine,1.1,c1ccnnc1
Pyridine,0.76,c1ccncc1
Pyrimidine,1.1,c1cncnc1
Pyrolan,-2.09,Cc1cc(OC(=O)N(C)C)n(-c2ccccc2)n1
Quinethazone,-3.29,CCC1NC(=O)c2cc(S(N)(=O)=O)c(Cl)cc2N1
Quinoline,-1.3,c1ccc2ncccc2c1
Quinonamid,-5.03,O=C(CC(Cl)Cl)NC1=C(Cl)C(=O)c2ccccc2C1=O
Quintozene,-5.82,O=[N+]([O-])c1c(Cl)c(Cl)c(Cl)c(Cl)c1Cl
Raffinose,-0.41,OCC1OC(OCC2OC(OC3(CO)OC(CO)C(O)C3O)C(O)C(O)C2O)C(O)C(O)C1O
Reposal,-2.696,CCC1(C2=CCC3CCC2C3)C(=O)NC(=O)NC1=O
Reverse Transcriptase inhibitor 1,-2.62,CCN1c2ncccc2C(=O)N(C)c2cccnc21
rhodanine,-1.77,O=C1CSC(=S)N1
Riboflavin,-3.685,Cc1cc2nc3c(=O)[nH]c(=O)nc-3n(CC(O)C(O)C(O)CO)c2cc1C
Risocaine,-2.452,CCCOC(=O)c1ccc(N)cc1
Ronnel,-5.72,COP(=S)(OC)Oc1cc(Cl)c(Cl)cc1Cl
Rotenone,-4.42,C=C(C)C1Cc2c(ccc3c2OC2COc4cc(OC)c(OC)cc4C2C3=O)O1
Rovral,-4.376,CC(C)NC(=O)N1CC(=O)N(c2cc(Cl)cc(Cl)c2)C1=O
RTI 10,-3.672,CN1C(=O)c2cccnc2Oc2ccccc21
RTI 11,-3.928,Cc1ccc2c(c1)C(=O)N(C)c1cc(N)ccc1O2
RTI 12,-4.114,CCN1c2ncccc2C(=O)N(C)c2ccc(Cl)nc21
RTI 13,-4.207,CCN1c2ncccc2C(=O)Nc2c(C(F)(F)F)cc(C)nc21
RTI 15,-4.554,CCN1c2ncccc2C(=O)Nc2c(C)cc(C)nc21
RTI 16,-4.634,CCN1c2ncccc2C(=S)N(C)c2cccnc21
RTI 17,-4.706,CCN1c2ccccc2N(C)C(=S)c2cccnc21
RTI 19,-4.749,CCN1c2ccccc2C(=O)N(C)c2ccccc21
RTI 2,-2.86,CCN1C(=O)c2cccnc2N(CC)c2ncccc21
RTI 20,-4.799,O=C1c2ccccc2Cc2ccccc2N1CCF
RTI 22,-4.871,CCN1c2cc(N(C)C)cc(C)c2NC(=O)c2cccnc21
RTI 23,-5.153,CCN1c2cc(OC)cc(C)c2NC(=O)c2cccnc21
RTI 24,-5.36,CCN1c2cc(Cl)ccc2NC(=O)c2cccnc21
RTI 3,-3.043,Cc1ccc2c(c1)Oc1ncc(N)cc1C(=O)N2C
RTI 5,-3.324,CCN1c2ccccc2N(C)C(=O)c2cccnc21
RTI 6,-3.36,CCN1c2nc(N(C)CCO)ccc2NC(=O)c2cccnc21
RTI 7,-3.535,O=C1c2ccccc2Cc2ccccc2N1CCF
RTI 9,-3.68,CCN1C(=O)c2ccccc2Oc2ccccc21
Salicin,-0.85,OCc1ccccc1OC1OC(CO)C(O)C(O)C1O
Salicylamide,-1.836,NC(=O)c1ccccc1O
salicylanilide,-3.59,O=C(Nc1ccccc1)c1ccccc1O
Santonin,-3.09,CC1=C2C3OC(=O)C(C)C3CCC2(C)C=CC1=O
Secobarbital,-2.356,C=CCC1(C(C)CCC)C(=O)NC(=O)NC1=O
Siduron,-4.11,CC1CCCCC1NC(=O)Nc1ccccc1
simazine,-4.55,CCNc1nc(Cl)nc(NCC)n1
Simetryn,-2.676,CSc1nc(N(C)C)nc(N(C)C)n1
Sorbitol,1.09,OCC(O)C(O)C(O)C(O)CO
"Sparsomycin (3,8mg/ml)",-1.981,CSCS(=O)CC(CO)NC(=O)C=Cc1c(C)[nH]c(=O)[nH]c1=O
stadacaine,-3.84,CCCCOc1ccc(C(=O)OCC)c(N(CC)CC)c1
Stanolone,-4.743,CC12CCC3C(CCC4CC(=O)CCC43C)C1CCC2O
Stirofos,-4.522,COP(=O)(OC)OC(=CCl)c1cc(Cl)c(Cl)cc1Cl
Styrene,-2.82,C=Cc1ccccc1
styrene oxide,-1.6,c1ccc(C2CO2)cc1
Succinimide,0.3,O=C1CCC(=O)N1
Sucrose,0.79,OCC1OC(OC2(CO)OC(CO)C(O)C2O)C(O)C(O)C1O
sulfaguanidine,-1.99,N=C(N)NS(=O)(=O)c1ccc(N)cc1
Sulfallate,-3.39,C=C(Cl)CSC(=S)N(CC)CC
Sulfanilamide,-1.34,Nc1ccc(S(N)(=O)=O)cc1
Talbutal,-2.016,C=CCC1(C(C)CC)C(=O)NC(=O)NC1=O
t-Butylbenzene ,-3.66,CC(C)(C)c1ccccc1
t-Crotonaldehyde,0.32,C/C=C/C=O
TEFLUBENZURON,-7.28,O=C(NC(=O)c1c(F)cccc1F)Nc1cc(Cl)c(F)c(Cl)c1F
Terbacil,-2.484,Cc1[nH]c(=O)n(C(C)(C)C)c(=O)c1Cl
Terbufos,-4.755,CCOP(=S)(OCC)SCSC(C)(C)C
Terbumeton,-3.239,CCNc1nc(NC(C)(C)C)nc(OC)n1
Terbutryn,-4,CCNc1nc(NC(C)(C)C)nc(SC)n1
Testosterone,-4.02,CC12CCC(=O)C=C1CCC1C2CCC2(C)C(O)CCC12
testosterone acetate,-5.184,CC(=O)OC1CCC2C3CCC4=CC(=O)CCC4(C)C3CCC12C
testosterone propionate,-5.37,CCC(=O)OC1CCC2C3CCC4=CC(=O)CCC4(C)C3CCC12C
Tetrabromomethane,-3.14,BrC(Br)(Br)Br
Tetrachloroethylene,-2.54,ClC(Cl)=C(Cl)Cl
tetrachloroguaiacol,-4.02,COc1c(O)c(Cl)c(Cl)c(Cl)c1Cl
Tetrachloromethane,-2.31,ClC(Cl)(Cl)Cl
Tetradecane,-7.96,CCCCCCCCCCCCCC
Tetrafluthrin,-7.321,Cc1c(F)c(F)c(COC(=O)C2C(C=C(Cl)C(F)(F)F)C2(C)C)c(F)c1F
Tetrahydrofurane ,0.49,C1CCOC1
Tetrahydropyran ,-0.03,C1CCOCC1
tetramethylurea,0.94,CN(C)C(=O)N(C)C
Thalidomide,-2.676,O=C1CCC(N2C(=O)c3ccccc3C2=O)C(=O)N1
theobromine,-2.523,Cn1cnc2c1c(=O)[nH]c(=O)n2C
Theophylline,-1.39,Cn1c(=O)c2[nH]cnc2n(C)c1=O
Thiamphenicol,-2.154,CS(=O)(=O)c1ccc(C(O)C(CO)NC(=O)C(Cl)Cl)cc1
thiamylal,-3.46,C=CCC1(C(C)CCC)C(=O)NC(=S)NC1=O
thioanisole,-2.39,CSc1ccccc1
thiofanox,-1.62,CNC(=O)ON=C(CSC)C(C)(C)C
Thiometon,-3.091,CCSCCSP(=S)(OC)OC
thiopental,-3.36,CCCC(C)C1(CC)C(=O)NC(=S)NC1=O
Thiophene,-1.33,c1ccsc1
Thiophenol ,-2.12,Sc1ccccc1
thiouracil,-2.273,O=c1ccnc(S)[nH]1
Thiourea,0.32,NC(N)=S
Thiram,-3.9,CN(C)C(=S)SSC(=S)N(C)C
thymine,-1.506,Cc1c[nH]c(=O)[nH]c1=O
Thymol,-2.22,Cc1ccc(C(C)C)c(O)c1
Toluene ,-2.21,Cc1ccccc1
t-Pentylbenzene,-4.15,CC(C)(C)Cc1ccccc1
"trans-1,4-Dimethylcyclohexane",-4.47,CC1CCC(C)CC1
trans-2-Heptene ,-3.82,C/C=C/CCCC
trans-2-Pentene ,-2.54,C/C=C/CC
Triadimefon,-3.61,CC(C)(C)C(=O)C(Oc1ccc(Cl)cc1)n1cncn1
Triallate,-4.88,CC(C)N(C(=O)SCC(Cl)=C(Cl)Cl)C(C)C
triamcinolone acetonide,-4.31,CC1(C)OC2CC3C4CCC5=CC(=O)C=CC5(C)C4(F)C(O)CC3(C)C2(C(=O)CO)O1
triamcinolone diacetate,-4.13,CC(=O)OCC(=O)C1(O)C(OC(C)=O)CC2C3CCC4=CC(=O)C=CC4(C)C3(F)C(O)CC21C
Triazolam,-4.09,Cc1nnc2n1-c1ccc(Cl)cc1C(c1ccccc1Cl)=NC2
Tribromomethane,-1.91,BrC(Br)Br
Trichlomethiazide,-2.68,NS(=O)(=O)c1cc2c(cc1Cl)NC(C(Cl)Cl)NS2(=O)=O
Trichlorfon,-0.22,COP(=O)(OC)C(O)C(Cl)(Cl)Cl
trichlormethiazide,-2.68,NS(=O)(=O)c1cc2c(cc1Cl)NC(C(Cl)Cl)NS2(=O)=O
Trichloroacetonitrile,-2.168,N#CC(Cl)(Cl)Cl
Trichloroethylene,-1.96,ClC=C(Cl)Cl
Trichloromethane,-1.17,ClC(Cl)Cl
Trichloronate,-5.752,CCOP(=S)(CC)Oc1cc(Cl)c(Cl)cc1Cl
Triclosan,-4.46,Oc1cc(Cl)ccc1Oc1ccc(Cl)cc1Cl
Tricresyl phosphate,-6.01,Cc1ccc(OP(=O)(Oc2cccc(C)c2)Oc2ccccc2C)cc1
Tricyclazole,-2.07,Cc1cccc2sc3nncn3c12
Trietazine,-4.06,CCNc1nc(Cl)nc(N(CC)CC)n1
Triethyl phosphate,0.43,CCOP(=O)(OCC)OCC
Trifluralin,-5.68,CCCN(CCC)c1c([N+](=O)[O-])cc(C(F)(F)F)cc1[N+](=O)[O-]
triforine,-4.19,O=CNC(N1C=CN(C(NC=O)C(Cl)(Cl)Cl)C=C1)C(Cl)(Cl)Cl
Trimazosin,-3.638,COc1cc2c(N)nc(N3CCN(C(=O)OCC(C)(C)O)CC3)nc2c(OC)c1OC
Triphenylene,-6.726,c1ccc2c(c1)c1ccccc1c1ccccc21
tubercidin,-1.95,Nc1ncnc2c1ccn2C1OC(CO)C(O)C1O
uracil,-1.488,O=c1cc[nH]c(=O)[nH]1
Urea,0.96,NC(N)=O
uric acid,-3.93,O=c1[nH]c(=O)c2[nH]c(=O)[nH]c2[nH]1
Valeraldehyde,-0.85,CCCCC=O
vamidothion,1.144,CNC(=O)C(C)SCCSP(=O)(OC)OC
Vinclozolin,-4.925,C=CC1(C)OC(=O)N(c2cc(Cl)cc(Cl)c2)C1=O
Xipamide,-3.79,Cc1cccc(C)c1NC(=O)c1cc(S(N)(=O)=O)c(Cl)cc1O
XMC,-2.581,CNC(=O)Oc1cc(C)cc(C)c1